Datum,wind_richting,zon_perc,zon_straling,dag_vocht,max_vocht,min_vocht,vector_wind,wind,max_wind,min_wind,max_windstoot,gem_temp,min_temp,max_temp,zon_uren,duur_neerslag,dag_neerslag,max_neerslag,dag_luchtdruk,max_luchtdruk,min_luchtdruk
2000-01,223.61290322580646,21.838709677419356,201.7741935483871,89.25806451612904,95.80645161290323,80.12903225806451,3.980645161290323,4.219354838709678,5.967741935483871,2.4838709677419355,11.32258064516129,4.329032258064516,1.729032258064516,6.561290322580645,1.8064516129032258,1.403225806451613,1.3064516129032258,0.3903225806451613,1023.0451612903227,1026.6387096774192,1019.3903225806451
2000-02,237.48275862068965,36.827586206896555,484.3103448275862,83.82758620689656,94.79310344827586,67.79310344827586,4.296551724137931,4.748275862068965,6.724137931034483,2.793103448275862,12.862068965517242,5.855172413793104,2.5379310344827584,8.941379310344828,3.682758620689655,2.8551724137931034,3.5103448275862066,1.0586206896551724,1017.6724137931035,1022.6137931034483,1012.1517241379311
2000-03,202.48387096774192,21.967741935483872,629.258064516129,85.61290322580645,95.7741935483871,69.70967741935483,3.6774193548387095,3.980645161290323,5.903225806451613,2.032258064516129,11.67741935483871,6.796774193548386,3.361290322580645,10.112903225806452,2.5838709677419356,2.0387096774193547,2.5354838709677416,0.8677419354838709,1019.2258064516129,1022.4290322580645,1015.9677419354839
2000-04,166.4,37.06666666666667,1263.6,76.43333333333334,94.26666666666667,57.53333333333333,2.8400000000000003,3.5533333333333332,5.7,1.6,10.5,9.986666666666668,5.1866666666666665,14.753333333333334,5.116666666666666,1.2666666666666666,1.2866666666666666,0.59,1007.75,1011.3533333333334,1004.2166666666667
2000-05,158.4516129032258,43.354838709677416,1701.9032258064517,74.83870967741936,94.06451612903226,53.61290322580645,2.9000000000000004,3.4967741935483874,5.451612903225806,1.5806451612903225,11.258064516129032,14.73225806451613,9.274193548387096,20.02258064516129,6.780645161290322,1.8516129032258064,2.7161290322580647,0.9096774193548387,1014.8064516129032,1017.1096774193549,1011.9290322580645
2000-06,236.76666666666668,46.233333333333334,1945.3,75.83333333333333,94.66666666666667,56.43333333333333,2.933333333333333,3.2133333333333334,5.133333333333334,1.2,10.0,16.003333333333334,10.06,21.073333333333334,7.716666666666667,1.2166666666666666,2.0,0.98,1019.42,1021.38,1017.2566666666667
2000-07,223.2258064516129,24.483870967741936,1376.8709677419354,83.87096774193549,95.96774193548387,67.12903225806451,2.635483870967742,2.925806451612903,4.516129032258065,1.3548387096774193,8.870967741935484,15.519354838709678,11.641935483870967,19.548387096774192,3.954838709677419,1.8548387096774193,3.1516129032258067,1.5677419354838709,1012.6161290322581,1015.3193548387097,1009.8870967741935
2000-08,212.19354838709677,46.645161290322584,1597.6774193548388,80.96774193548387,97.51612903225806,59.225806451612904,2.135483870967742,2.4806451612903224,4.290322580645161,0.9032258064516129,8.516129032258064,17.416129032258063,11.593548387096773,22.809677419354838,6.825806451612903,0.7096774193548387,1.3806451612903226,0.9032258064516129,1017.5193548387097,1019.2322580645161,1015.7129032258064
2000-09,198.93333333333334,30.7,906.8,86.5,96.6,69.63333333333334,2.566666666666667,2.9766666666666666,4.866666666666666,1.4666666666666666,9.5,15.816666666666666,12.110000000000001,19.946666666666665,3.8466666666666667,1.68,2.2800000000000002,1.1866666666666668,1013.0066666666667,1015.9300000000001,1010.0699999999999
2000-10,187.96774193548387,29.387096774193548,508.83870967741933,89.06451612903226,97.6774193548387,74.2258064516129,3.929032258064516,4.296774193548386,6.451612903225806,2.3225806451612905,12.225806451612904,11.319354838709677,7.699999999999999,14.95483870967742,3.161290322580645,3.0064516129032257,3.393548387096774,1.3580645161290323,1010.2483870967742,1014.483870967742,1005.7709677419356
2000-11,184.0,22.933333333333334,250.43333333333334,89.33333333333333,95.86666666666666,80.23333333333333,4.683333333333334,4.92,6.533333333333333,3.2,12.0,7.79,5.3933333333333335,10.120000000000001,2.03,3.1,3.9166666666666665,1.3666666666666667,1002.1,1006.0166666666667,997.7233333333334
2000-12,166.90322580645162,28.451612903225808,205.90322580645162,87.70967741935483,95.16129032258064,78.09677419354838,4.458064516129032,4.712903225806452,6.67741935483871,3.161290322580645,12.483870967741936,5.067741935483871,2.732258064516129,7.083870967741936,2.2161290322580647,3.0387096774193547,2.9451612903225803,0.9483870967741935,1008.2032258064515,1011.2612903225806,1004.8290322580646
2001-01,141.48387096774192,27.967741935483872,241.8709677419355,90.16129032258064,96.58064516129032,79.48387096774194,3.403225806451613,3.693548387096774,5.258064516129032,2.096774193548387,9.64516129032258,2.606451612903226,0.025806451612903198,5.332258064516129,2.3129032258064517,2.2548387096774194,2.261290322580645,0.6580645161290322,1011.5806451612904,1015.1903225806452,1007.758064516129
2001-02,181.64285714285714,32.25,483.57142857142856,88.0,97.46428571428571,73.96428571428571,3.0500000000000003,3.6392857142857147,5.428571428571429,1.6785714285714286,10.5,4.4678571428571425,1.1535714285714285,7.792857142857143,3.2607142857142857,3.4035714285714285,3.2214285714285715,0.7964285714285715,1016.9821428571429,1020.407142857143,1013.2535714285714
2001-03,142.58064516129033,17.419354838709676,570.7741935483871,85.54838709677419,95.45161290322581,72.35483870967742,3.448387096774194,3.829032258064516,5.935483870967742,1.7741935483870968,10.935483870967742,4.945161290322581,1.835483870967742,8.03225806451613,2.041935483870968,2.141935483870968,2.3774193548387097,0.7483870967741936,1004.9903225806452,1009.0548387096775,1000.8935483870968
2001-04,226.4,34.766666666666666,1220.1666666666667,78.93333333333334,96.33333333333333,56.13333333333333,3.39,3.9266666666666667,6.0,1.9333333333333333,11.633333333333333,8.283333333333333,4.09,12.58,4.83,2.396666666666667,2.9,1.0966666666666667,1011.7866666666666,1015.16,1007.7233333333334
2001-05,134.6451612903226,56.96774193548387,2028.741935483871,71.64516129032258,93.54838709677419,50.32258064516129,3.6193548387096777,3.8354838709677415,5.741935483870968,1.8387096774193548,10.903225806451612,14.141935483870967,8.52258064516129,19.358064516129033,8.941935483870967,0.7290322580645161,0.9354838709677419,0.39354838709677414,1017.8838709677419,1020.1419354838711,1015.4709677419354
2001-06,232.23333333333332,40.5,1883.0,72.63333333333334,94.96666666666667,51.166666666666664,2.6233333333333335,3.0233333333333334,4.833333333333333,1.2333333333333334,9.733333333333333,15.156666666666666,9.71,20.053333333333335,6.756666666666666,1.06,1.7666666666666666,0.62,1016.56,1019.0400000000001,1014.0533333333333
2001-07,194.70967741935485,42.935483870967744,1812.6451612903227,78.3225806451613,96.0,56.96774193548387,2.735483870967742,3.158064516129032,5.032258064516129,1.3548387096774193,9.903225806451612,18.532258064516128,13.280645161290321,23.612903225806452,6.961290322580646,1.4258064516129034,2.7903225806451615,1.3290322580645162,1014.1225806451613,1016.5290322580645,1011.7225806451613
2001-08,207.38709677419354,43.225806451612904,1531.3870967741937,80.90322580645162,97.93548387096774,58.54838709677419,2.5387096774193547,3.012903225806452,4.741935483870968,1.1612903225806452,9.580645161290322,18.483870967741936,12.948387096774193,23.635483870967743,6.316129032258065,1.4967741935483871,3.732258064516129,1.9064516129032258,1015.0903225806452,1017.8064516129032,1012.2064516129033
2001-09,232.7,29.733333333333334,900.3,87.13333333333334,98.03333333333333,68.9,2.7,3.1933333333333334,5.1,1.6333333333333333,10.8,13.433333333333334,10.086666666666668,17.363333333333333,3.7533333333333334,3.61,7.013333333333334,2.4133333333333336,1011.4133333333334,1013.6666666666666,1008.3666666666667
2001-10,187.90322580645162,36.16129032258065,609.0322580645161,86.6774193548387,96.96774193548387,71.70967741935483,3.735483870967742,3.9387096774193546,5.612903225806452,2.2903225806451615,10.870967741935484,14.219354838709679,10.841935483870968,17.958064516129035,3.8451612903225807,1.0290322580645161,1.2999999999999998,0.5967741935483871,1014.3709677419355,1017.4709677419354,1011.1258064516129
2001-11,245.46666666666667,23.633333333333333,281.53333333333336,90.4,98.56666666666666,77.2,2.5300000000000002,2.8233333333333333,4.633333333333334,1.2,9.533333333333333,7.12,3.4633333333333334,10.236666666666668,2.1133333333333333,3.3699999999999997,2.8333333333333335,0.8966666666666667,1021.3633333333332,1025.1566666666668,1017.4599999999999
2001-12,183.25806451612902,26.677419354838708,192.4516129032258,91.2258064516129,98.16129032258064,79.03225806451613,2.8870967741935485,3.2483870967741937,5.193548387096774,1.5483870967741935,10.580645161290322,2.858064516129032,-0.7645161290322582,5.829032258064516,2.083870967741935,3.541935483870968,3.0161290322580645,0.8838709677419354,1022.3741935483871,1026.7516129032258,1018.2548387096774
2002-01,188.25806451612902,29.677419354838708,243.61290322580646,90.19354838709677,97.06451612903226,81.35483870967742,4.270967741935484,4.561290322580645,6.129032258064516,2.838709677419355,11.612903225806452,4.419354838709677,1.8451612903225807,6.706451612903226,2.458064516129032,2.509677419354839,2.512903225806452,0.8806451612903226,1021.0032258064516,1024.2903225806451,1017.6645161290322
2002-02,204.96428571428572,41.214285714285715,520.6071428571429,79.21428571428571,91.57142857142857,63.32142857142857,5.446428571428571,5.960714285714286,8.357142857142858,3.642857142857143,16.178571428571427,7.114285714285714,3.9499999999999997,10.164285714285715,4.132142857142857,4.057142857142857,4.9750000000000005,1.3892857142857142,1009.5607142857143,1013.7142857142857,1005.2035714285714
2002-03,177.58064516129033,47.67741935483871,1014.8387096774194,77.41935483870968,92.29032258064517,59.096774193548384,3.5032258064516126,3.829032258064516,6.096774193548387,1.5483870967741935,11.35483870967742,7.22258064516129,2.4322580645161294,11.787096774193548,5.66774193548387,1.4870967741935484,1.0612903225806452,0.36774193548387096,1017.574193548387,1020.7387096774194,1014.2354838709678
2002-04,189.26666666666668,48.13333333333333,1386.5666666666666,73.86666666666666,89.33333333333333,55.0,3.52,3.8466666666666667,5.833333333333333,1.9,10.833333333333334,9.33,3.85,14.303333333333335,6.573333333333333,2.1033333333333335,1.63,0.42000000000000004,1015.7900000000001,1018.6566666666666,1013.15
2002-05,200.8709677419355,39.87096774193548,1590.8387096774193,79.48387096774194,93.93548387096774,60.0,3.135483870967742,3.541935483870968,5.612903225806452,1.4516129032258065,11.064516129032258,13.370967741935484,8.351612903225806,18.248387096774195,6.274193548387097,1.4612903225806453,1.1,0.47419354838709676,1013.2903225806451,1016.1322580645161,1010.4096774193548
2002-06,218.06666666666666,38.86666666666667,1803.8,76.9,93.9,57.46666666666667,2.6933333333333334,3.27,5.266666666666667,1.4,10.366666666666667,16.503333333333334,10.786666666666667,21.470000000000002,6.46,1.6,2.8133333333333335,1.18,1015.3033333333333,1017.6066666666667,1012.7033333333333
2002-07,203.61290322580646,36.83870967741935,1683.0967741935483,81.03225806451613,94.83870967741936,62.774193548387096,2.693548387096774,3.106451612903226,4.806451612903226,1.6129032258064515,9.838709677419354,17.551612903225806,12.706451612903225,22.248387096774195,5.929032258064517,1.8903225806451613,3.1129032258064515,1.7000000000000002,1014.2741935483871,1016.5645161290323,1011.8806451612903
2002-08,181.51612903225808,34.38709677419355,1401.774193548387,84.64516129032258,96.61290322580645,66.0,1.667741935483871,2.096774193548387,3.5161290322580645,0.8387096774193549,7.354838709677419,18.596774193548388,13.73225806451613,23.33225806451613,5.058064516129033,1.3258064516129033,3.606451612903226,2.141935483870968,1015.1225806451613,1016.8548387096774,1013.5032258064516
2002-09,181.16666666666666,41.63333333333333,1140.7333333333333,82.96666666666667,96.86666666666666,60.8,2.026666666666667,2.3800000000000003,4.233333333333333,0.9333333333333333,8.066666666666666,14.553333333333335,9.41,19.88,5.296666666666667,0.5133333333333333,1.0533333333333332,0.48000000000000004,1019.8933333333333,1022.0166666666667,1017.87
2002-10,170.0,36.774193548387096,626.0,85.29032258064517,95.48387096774194,69.54838709677419,3.1516129032258067,3.574193548387097,5.419354838709677,1.8387096774193548,10.483870967741936,9.461290322580645,5.270967741935484,13.503225806451614,3.9419354838709677,2.106451612903226,2.9129032258064513,1.0516129032258066,1011.258064516129,1015.4193548387096,1006.7870967741935
2002-11,173.83333333333334,26.5,299.6666666666667,91.83333333333333,97.93333333333334,80.8,2.5566666666666666,2.966666666666667,4.4,1.6,8.266666666666667,7.866666666666666,4.34,11.023333333333333,2.3633333333333337,2.33,2.756666666666667,0.9033333333333334,1007.4033333333333,1011.3366666666666,1003.0066666666667
2002-12,125.96774193548387,17.64516129032258,149.67741935483872,88.83870967741936,94.19354838709677,81.0,3.135483870967742,3.5903225806451613,4.935483870967742,2.161290322580645,8.935483870967742,2.890322580645161,0.4387096774193549,5.206451612903226,1.3774193548387097,2.6322580645161286,2.864516129032258,0.7935483870967742,1015.5999999999999,1019.4129032258064,1011.8612903225807
2003-01,186.41935483870967,25.70967741935484,231.4516129032258,87.09677419354838,95.61290322580645,75.80645161290323,3.512903225806452,3.9451612903225803,5.741935483870968,2.3870967741935485,10.709677419354838,2.4935483870967743,-0.6548387096774195,5.161290322580645,2.138709677419355,2.648387096774193,2.4516129032258065,0.7741935483870968,1014.7483870967742,1019.6387096774193,1009.8225806451613
2003-02,144.21428571428572,55.785714285714285,655.0714285714286,79.53571428571429,93.14285714285714,62.25,2.960714285714286,3.167857142857143,4.5,1.9285714285714286,8.321428571428571,1.8142857142857143,-2.460714285714286,6.335714285714286,5.632142857142857,0.9178571428571428,1.0357142857142858,0.4428571428571429,1020.9571428571428,1023.9250000000001,1018.0642857142857
2003-03,178.06451612903226,53.25806451612903,1098.4193548387098,77.64516129032258,95.54838709677419,55.483870967741936,2.6838709677419357,3.109677419354839,4.741935483870968,1.5806451612903225,8.612903225806452,7.316129032258064,1.9483870967741934,12.761290322580646,6.416129032258064,0.9193548387096774,0.7548387096774193,0.24516129032258063,1023.5290322580646,1026.0645161290322,1020.8806451612903
2003-04,166.73333333333332,54.833333333333336,1568.6,67.16666666666667,88.26666666666667,46.03333333333333,3.2133333333333334,3.6233333333333335,5.766666666666667,1.7666666666666666,10.666666666666666,9.93,3.3800000000000003,15.53,7.613333333333333,0.8566666666666667,1.5166666666666666,0.6733333333333333,1017.01,1020.0866666666666,1013.87
2003-05,196.19354838709677,39.354838709677416,1595.3548387096773,78.80645161290323,97.16129032258064,55.87096774193548,2.4741935483870967,2.9193548387096775,4.645161290322581,1.2580645161290323,9.451612903225806,13.180645161290323,7.561290322580645,18.22258064516129,6.183870967741935,2.5903225806451613,2.958064516129032,1.0870967741935484,1016.3741935483871,1019.0064516129032,1013.0645161290323
2003-06,183.8,50.733333333333334,2083.3333333333335,72.86666666666666,95.6,51.3,2.0766666666666667,2.74,4.6,1.0333333333333334,9.3,17.84,10.816666666666666,23.67,8.45,0.3433333333333334,1.1366666666666667,0.9266666666666666,1016.0300000000001,1018.3933333333333,1013.52
2003-07,223.19354838709677,45.064516129032256,1844.0645161290322,73.29032258064517,95.38709677419355,51.41935483870968,2.274193548387097,2.8419354838709676,4.580645161290323,1.1290322580645162,9.064516129032258,18.835483870967742,12.35483870967742,24.548387096774192,7.280645161290322,0.6870967741935484,0.9419354838709677,0.46774193548387094,1015.4129032258064,1017.6290322580645,1013.0419354838709
2003-08,224.6451612903226,49.32258064516129,1667.1935483870968,74.35483870967742,96.38709677419355,49.354838709677416,2.0064516129032257,2.396774193548387,4.096774193548387,0.8064516129032258,7.903225806451613,19.25483870967742,12.616129032258065,25.406451612903226,7.309677419354839,0.3096774193548387,0.2709677419354839,0.0967741935483871,1017.8645161290323,1019.4193548387096,1016.2161290322581
2003-09,203.4,51.333333333333336,1183.0333333333333,81.46666666666667,98.73333333333333,54.06666666666667,1.49,1.98,3.8333333333333335,0.7,7.7,13.92,7.413333333333333,20.633333333333333,6.47,0.99,1.71,0.85,1020.0300000000001,1022.9066666666666,1016.84
2003-10,159.3548387096774,44.83870967741935,689.6774193548387,84.80645161290323,96.29032258064517,65.16129032258064,2.732258064516129,3.032258064516129,4.516129032258065,1.5483870967741935,8.935483870967742,7.464516129032258,2.8451612903225807,12.370967741935484,4.767741935483872,1.7645161290322582,2.7096774193548385,0.8,1013.3774193548387,1016.4774193548387,1010.2806451612903
2003-11,174.36666666666667,25.5,296.6333333333333,89.53333333333333,97.06666666666666,78.63333333333334,3.2800000000000002,3.4766666666666666,5.1,1.8,9.133333333333333,7.996666666666667,4.7733333333333325,10.946666666666665,2.3033333333333332,1.9566666666666666,1.3066666666666669,0.5133333333333333,1014.2266666666667,1017.5366666666666,1011.1666666666666
2003-12,175.41935483870967,25.451612903225808,181.06451612903226,88.19354838709677,95.7741935483871,76.64516129032258,3.0806451612903225,3.570967741935484,5.193548387096774,2.096774193548387,10.35483870967742,4.0,0.8741935483870968,6.870967741935484,1.9967741935483871,2.4000000000000004,3.0806451612903225,0.7258064516129032,1016.9032258064516,1021.2645161290322,1012.1774193548387
2004-01,195.38709677419354,18.419354838709676,195.67741935483872,88.12903225806451,96.09677419354838,76.45161290322581,3.270967741935484,3.948387096774194,5.774193548387097,2.193548387096774,11.193548387096774,3.5870967741935487,0.8290322580645161,6.025806451612904,1.5516129032258066,3.903225806451613,3.9612903225806453,1.0806451612903225,1007.9548387096773,1012.5129032258066,1003.516129032258
2004-02,223.0,27.03448275862069,447.17241379310343,83.55172413793103,93.72413793103448,69.51724137931035,3.606896551724138,3.951724137931034,5.758620689655173,2.2413793103448274,11.689655172413794,4.820689655172414,1.806896551724138,7.924137931034483,2.7551724137931037,2.4,2.717241379310345,0.8344827586206897,1018.7689655172413,1022.8103448275862,1014.7689655172413
2004-03,185.5483870967742,33.645161290322584,834.8387096774194,78.2258064516129,93.41935483870968,58.193548387096776,3.358064516129032,3.6516129032258067,5.580645161290323,1.8387096774193548,10.709677419354838,5.922580645161291,1.2193548387096773,10.261290322580646,4.032258064516129,1.0903225806451613,1.332258064516129,0.49677419354838703,1020.2225806451613,1023.0774193548386,1017.5806451612904
2004-04,183.03333333333333,42.63333333333333,1393.5,73.56666666666666,93.76666666666667,51.96666666666667,2.6333333333333333,3.0900000000000003,4.966666666666667,1.4333333333333333,9.7,10.353333333333333,4.54,15.733333333333333,5.953333333333333,0.9633333333333333,1.0799999999999998,0.56,1012.8466666666667,1015.6800000000001,1010.0933333333334
2004-05,248.25806451612902,42.87096774193548,1788.0,74.58064516129032,94.6774193548387,52.16129032258065,2.3483870967741933,2.6225806451612903,4.419354838709677,0.967741935483871,9.0,12.293548387096775,6.467741935483871,17.580645161290324,6.761290322580645,1.0483870967741935,0.9870967741935485,0.30000000000000004,1015.6645161290322,1017.9387096774194,1013.4741935483871
2004-06,247.46666666666667,34.56666666666667,1721.6,77.1,95.93333333333334,57.766666666666666,2.7233333333333336,3.1,4.7,1.3,9.8,15.523333333333333,9.79,20.363333333333333,5.76,1.8066666666666669,2.296666666666667,0.91,1016.7266666666667,1019.2133333333333,1013.9433333333333
2004-07,217.2258064516129,39.354838709677416,1714.225806451613,80.16129032258064,96.83870967741936,58.096774193548384,2.267741935483871,2.7419354838709675,4.645161290322581,1.1290322580645162,9.451612903225806,16.703225806451613,11.412903225806453,21.61935483870968,6.361290322580645,1.6096774193548387,3.932258064516129,2.0064516129032257,1015.5612903225807,1017.5903225806452,1013.4225806451612
2004-08,188.48387096774192,41.806451612903224,1490.5806451612902,79.80645161290323,95.61290322580645,58.483870967741936,2.6548387096774193,3.051612903225806,5.0,1.3870967741935485,9.870967741935484,18.84193548387097,14.13225806451613,23.825806451612905,6.16774193548387,2.1451612903225805,4.090322580645161,1.8290322580645162,1011.0387096774194,1013.4903225806452,1008.4935483870968
2004-09,199.63333333333333,47.5,1156.5,80.13333333333334,95.93333333333334,58.13333333333333,2.953333333333333,3.29,5.1,1.7666666666666666,10.266666666666667,15.176666666666668,10.343333333333334,20.013333333333332,6.13,1.8666666666666667,2.066666666666667,0.5833333333333334,1018.0699999999999,1020.7900000000001,1015.3733333333333
2004-10,177.51612903225808,38.806451612903224,628.2258064516129,84.35483870967742,95.09677419354838,68.6774193548387,3.3096774193548386,3.541935483870968,5.290322580645161,1.935483870967742,10.064516129032258,11.30967741935484,7.725806451612903,15.025806451612903,4.151612903225806,1.064516129032258,1.5290322580645161,0.7709677419354838,1009.7161290322581,1012.316129032258,1006.8225806451613
2004-11,207.7,20.433333333333334,253.76666666666668,91.23333333333333,97.86666666666666,79.83333333333333,2.3866666666666663,2.7066666666666666,4.1,1.4,8.6,6.29,3.0466666666666664,9.283333333333333,1.82,2.453333333333333,2.51,0.6566666666666666,1020.42,1023.5533333333333,1016.7433333333333
2004-12,181.1290322580645,22.193548387096776,155.80645161290323,92.93548387096774,98.16129032258064,84.16129032258064,2.6774193548387095,3.0,4.483870967741935,1.4838709677419355,8.580645161290322,3.238709677419355,0.2387096774193548,5.964516129032258,1.729032258064516,1.567741935483871,1.4806451612903226,0.4096774193548387,1017.9806451612903,1021.6290322580645,1014.2870967741936
2005-01,216.1290322580645,31.93548387096774,269.8709677419355,85.54838709677419,93.61290322580645,74.90322580645162,4.054838709677419,4.367741935483871,6.096774193548387,2.6451612903225805,12.161290322580646,5.254838709677419,2.735483870967742,7.709677419354839,2.661290322580645,1.9806451612903226,1.7096774193548387,0.5935483870967742,1019.8258064516128,1023.1774193548387,1015.4677419354839
2005-02,181.71428571428572,35.285714285714285,479.5,84.25,94.10714285714286,71.10714285714286,3.0749999999999997,3.360714285714286,5.178571428571429,1.6071428571428572,10.107142857142858,2.3892857142857147,-0.42499999999999993,5.271428571428571,3.492857142857143,2.314285714285714,2.6035714285714286,0.65,1019.0107142857142,1022.0392857142857,1015.9250000000001
2005-03,188.7741935483871,26.677419354838708,762.7741935483871,83.48387096774194,95.35483870967742,68.3225806451613,3.170967741935484,3.5806451612903225,5.290322580645161,2.0,9.580645161290322,6.541935483870968,2.754838709677419,10.041935483870969,3.193548387096774,1.8290322580645162,1.5903225806451613,0.7,1015.8032258064517,1019.2322580645161,1012.7709677419356
2005-04,199.4,44.666666666666664,1391.2333333333333,76.33333333333333,93.56666666666666,55.2,2.5233333333333334,3.003333333333333,4.866666666666666,1.3,9.4,10.386666666666667,5.296666666666667,15.396666666666668,6.16,2.6566666666666667,2.0933333333333333,0.7033333333333334,1013.8966666666668,1016.9166666666666,1011.1233333333333
2005-05,243.32258064516128,45.38709677419355,1762.0645161290322,74.90322580645162,93.7741935483871,53.096774193548384,2.5999999999999996,3.07741935483871,5.129032258064516,1.2258064516129032,10.225806451612904,12.574193548387097,7.112903225806452,17.54516129032258,7.129032258064516,1.4774193548387096,1.7419354838709677,0.9322580645161291,1016.5451612903227,1018.8806451612903,1014.3032258064517
2005-06,192.83333333333334,48.3,2056.9333333333334,71.03333333333333,93.0,49.43333333333333,2.3800000000000003,2.8033333333333332,4.533333333333333,1.1666666666666667,9.0,16.76,10.663333333333332,22.263333333333332,8.063333333333334,0.8666666666666667,1.7066666666666668,0.9299999999999999,1018.6766666666666,1021.51,1015.6033333333332
2005-07,202.1290322580645,30.806451612903224,1546.5806451612902,80.35483870967742,95.80645161290323,62.41935483870968,2.0516129032258066,2.648387096774193,4.161290322580645,1.2903225806451613,8.548387096774194,17.654838709677417,13.264516129032257,22.083870967741937,5.025806451612903,1.7258064516129032,5.109677419354839,2.8806451612903223,1014.5806451612904,1016.8354838709678,1012.1612903225806
2005-08,249.4516129032258,43.74193548387097,1518.8387096774193,80.51612903225806,96.54838709677419,60.645161290322584,2.0999999999999996,2.4967741935483874,4.387096774193548,0.9032258064516129,9.161290322580646,16.193548387096776,11.025806451612903,21.11935483870968,6.383870967741935,1.261290322580645,3.0806451612903225,1.1483870967741936,1017.1161290322581,1019.5612903225807,1014.6516129032258
2005-09,177.03333333333333,49.96666666666667,1157.0,82.9,97.1,60.666666666666664,1.8133333333333332,2.2933333333333334,3.933333333333333,1.0333333333333334,7.9,15.716666666666667,10.743333333333334,20.9,6.3566666666666665,1.27,2.106666666666667,1.0866666666666667,1018.1033333333332,1020.6166666666667,1015.2199999999999
2005-10,146.2258064516129,51.58064516129032,731.8709677419355,85.03225806451613,95.29032258064517,69.09677419354838,3.02258064516129,3.238709677419355,4.580645161290323,1.8387096774193548,9.0,13.341935483870968,9.548387096774194,17.68064516129032,5.538709677419354,1.0903225806451613,1.7935483870967743,0.5645161290322581,1017.0451612903227,1019.5451612903227,1014.4741935483871
2005-11,204.13333333333333,30.266666666666666,296.5,90.03333333333333,96.93333333333334,77.5,2.753333333333333,3.1,4.6,1.5333333333333334,9.2,6.85,3.5133333333333336,10.166666666666666,2.7199999999999998,2.496666666666667,3.236666666666667,0.7300000000000001,1014.8866666666667,1019.0466666666667,1010.74
2005-12,219.03225806451613,26.419354838709676,203.7741935483871,89.87096774193549,96.80645161290323,79.41935483870968,2.896774193548387,3.164516129032258,4.483870967741935,1.967741935483871,8.935483870967742,3.97741935483871,1.4225806451612903,6.241935483870968,2.070967741935484,1.864516129032258,1.7999999999999998,0.5838709677419355,1016.5774193548388,1019.6612903225806,1013.2709677419356
2006-01,149.0,34.03225806451613,263.93548387096774,86.48387096774194,93.19354838709677,77.3225806451613,3.0580645161290323,3.3096774193548386,4.741935483870968,1.903225806451613,8.709677419354838,1.464516129032258,-1.5419354838709676,4.316129032258065,2.864516129032258,0.6903225806451613,0.4709677419354839,0.2161290322580645,1024.5677419354838,1027.7774193548387,1021.5225806451613
2006-02,173.32142857142858,18.75,353.7142857142857,87.82142857142857,95.64285714285714,77.35714285714286,3.2607142857142857,3.6142857142857143,5.25,1.9642857142857142,10.0,2.8892857142857147,0.6392857142857142,5.421428571428572,1.917857142857143,2.2535714285714286,2.082142857142857,0.5178571428571429,1014.717857142857,1018.1785714285714,1011.6714285714286
2006-03,156.0,40.38709677419355,910.3870967741935,81.38709677419355,95.48387096774194,63.03225806451613,3.545161290322581,3.8677419354838714,5.709677419354839,1.967741935483871,10.741935483870968,3.9322580645161294,0.3580645161290323,7.758064516129032,4.774193548387097,2.4096774193548387,3.361290322580645,1.2000000000000002,1010.5516129032258,1013.6483870967742,1007.3709677419355
2006-04,260.93333333333334,38.8,1360.1333333333334,77.9,96.16666666666667,55.06666666666667,3.0300000000000002,3.42,5.4,1.4333333333333333,10.433333333333334,8.983333333333333,4.613333333333333,13.243333333333334,5.366666666666666,1.3900000000000001,1.3066666666666669,0.6166666666666667,1014.0733333333334,1016.37,1011.3733333333333
2006-05,195.6451612903226,40.74193548387097,1618.1612903225807,71.70967741935483,92.3225806451613,52.32258064516129,3.164516129032258,3.7096774193548385,5.838709677419355,1.6451612903225807,11.258064516129032,14.496774193548386,9.493548387096775,19.18064516129032,6.33225806451613,2.383870967741936,2.9096774193548387,1.035483870967742,1013.558064516129,1016.1354838709677,1010.7161290322581
2006-06,208.13333333333333,49.2,2011.3333333333333,70.23333333333333,92.63333333333334,49.43333333333333,2.29,2.703333333333333,4.333333333333333,1.3,8.233333333333333,16.676666666666666,10.666666666666666,21.833333333333332,8.186666666666666,0.5533333333333332,0.5833333333333334,0.20666666666666664,1020.52,1022.2533333333333,1018.8666666666667
2006-07,180.19354838709677,60.774193548387096,2175.7419354838707,66.58064516129032,92.6774193548387,41.74193548387097,2.003225806451613,2.5806451612903225,4.387096774193548,0.967741935483871,8.935483870967742,22.309677419354838,15.170967741935485,28.68064516129032,9.887096774193548,0.2903225806451613,0.4709677419354839,0.30000000000000004,1019.1161290322581,1020.9032258064516,1017.4322580645162
2006-08,241.16129032258064,27.322580645161292,1230.4516129032259,86.96774193548387,98.93548387096774,69.16129032258064,2.358064516129032,2.761290322580645,4.612903225806452,1.2258064516129032,9.67741935483871,16.35483870967742,12.206451612903225,20.654838709677417,4.0,2.3677419354838714,5.806451612903226,2.296774193548387,1010.7741935483871,1012.8290322580646,1008.9677419354839
2006-09,175.26666666666668,47.3,1156.0666666666666,81.76666666666667,96.2,61.733333333333334,2.4633333333333334,2.7233333333333336,4.266666666666667,1.2,8.433333333333334,17.916666666666668,13.076666666666666,23.076666666666664,6.02,0.35333333333333333,0.25666666666666665,0.13333333333333333,1014.0366666666666,1016.3566666666667,1011.7333333333333
2006-10,185.74193548387098,32.54838709677419,583.1612903225806,87.2258064516129,96.09677419354838,73.48387096774194,3.129032258064516,3.4387096774193546,5.0,1.8387096774193548,9.709677419354838,13.577419354838709,9.493548387096775,17.338709677419356,3.4838709677419355,1.8870967741935485,3.5129032258064514,1.3870967741935485,1011.3838709677419,1015.167741935484,1007.441935483871
2006-11,219.83333333333334,24.766666666666666,287.8,86.83333333333333,95.43333333333334,75.36666666666666,3.4799999999999995,3.716666666666667,5.3,2.1666666666666665,10.7,9.156666666666666,5.61,12.19,2.183333333333333,2.8466666666666667,3.0766666666666667,0.9466666666666668,1014.7900000000001,1018.4433333333333,1010.8633333333333
2006-12,196.03225806451613,19.580645161290324,147.09677419354838,88.0,94.6774193548387,78.64516129032258,4.0,4.238709677419355,5.903225806451613,2.5806451612903225,10.96774193548387,6.506451612903225,4.058064516129032,8.958064516129031,1.5290322580645161,2.2838709677419353,2.403225806451613,0.8709677419354839,1020.7741935483871,1024.3451612903225,1017.3096774193548
2007-01,226.03225806451613,19.06451612903226,209.06451612903226,84.2258064516129,93.48387096774194,71.87096774193549,4.503225806451613,4.938709677419355,6.838709677419355,2.935483870967742,13.774193548387096,7.093548387096774,4.525806451612904,9.564516129032258,1.6129032258064515,2.870967741935484,3.341935483870968,1.1161290322580646,1015.1645161290322,1019.6548387096774,1010.1064516129032
2007-02,210.28571428571428,20.75,357.75,87.60714285714286,95.32142857142857,77.32142857142857,2.9964285714285714,3.5749999999999997,5.178571428571429,2.107142857142857,10.071428571428571,6.035714285714286,3.232142857142857,8.960714285714285,2.042857142857143,2.8249999999999997,2.4071428571428575,0.5964285714285714,1008.8107142857143,1012.8249999999999,1004.7892857142857
2007-03,203.96774193548387,42.45161290322581,900.0967741935484,77.48387096774194,91.54838709677419,58.61290322580645,3.5,3.987096774193548,6.0,2.064516129032258,11.32258064516129,7.964516129032258,3.832258064516129,12.225806451612904,5.074193548387097,2.083870967741935,2.7161290322580647,0.9193548387096774,1015.0096774193548,1019.0838709677419,1010.8806451612903
2007-04,175.33333333333334,68.1,1830.6666666666667,66.66666666666667,92.8,40.36666666666667,2.48,2.8833333333333333,4.6,1.3333333333333333,8.833333333333334,13.056666666666667,6.29,19.743333333333332,9.473333333333333,0.02666666666666667,0.006666666666666666,0.0033333333333333335,1021.6266666666667,1023.1633333333334,1020.0333333333333
2007-05,179.3548387096774,41.096774193548384,1670.0645161290322,77.03225806451613,96.48387096774194,55.483870967741936,2.851612903225807,3.335483870967742,5.161290322580645,1.5483870967741935,10.580645161290322,14.12258064516129,8.948387096774193,18.741935483870968,6.390322580645161,2.738709677419355,4.432258064516129,1.5741935483870966,1010.5225806451613,1013.2064516129033,1007.4225806451612
2007-06,174.33333333333334,34.4,1667.1,82.06666666666666,98.2,61.7,2.3800000000000003,2.8766666666666665,4.6,1.2,9.766666666666667,17.476666666666667,13.046666666666665,21.84,5.7266666666666675,1.6466666666666667,3.0,1.6633333333333336,1011.65,1013.5533333333333,1009.4833333333333
2007-07,224.32258064516128,38.516129032258064,1609.7096774193549,81.48387096774194,97.6774193548387,61.70967741935484,2.6870967741935483,3.2548387096774194,5.225806451612903,1.2580645161290323,10.64516129032258,17.009677419354837,12.438709677419356,21.35483870967742,6.235483870967743,2.0387096774193547,5.158064516129032,2.238709677419355,1011.3903225806451,1013.9677419354839,1008.6064516129032
2007-08,217.25806451612902,43.61290322580645,1540.6451612903227,80.29032258064517,98.3225806451613,57.32258064516129,2.5,2.8096774193548386,4.645161290322581,1.0,9.387096774193548,17.10967741935484,11.754838709677419,22.03548387096774,6.412903225806452,0.8354838709677419,1.3483870967741935,0.8451612903225806,1014.6709677419354,1017.1354838709677,1012.0451612903227
2007-09,246.26666666666668,30.333333333333332,930.4666666666667,86.83333333333333,98.83333333333333,67.76666666666667,2.54,2.85,4.533333333333333,1.3,9.533333333333333,13.786666666666667,9.086666666666668,18.21333333333333,3.856666666666667,2.0833333333333335,3.2066666666666666,1.8133333333333332,1018.8633333333333,1021.4133333333334,1015.9533333333333
2007-10,156.4516129032258,39.16129032258065,645.2258064516129,88.25806451612904,98.16129032258064,71.87096774193549,2.0870967741935487,2.4419354838709677,3.935483870967742,1.1290322580645162,7.548387096774194,10.067741935483872,5.764516129032257,14.235483870967743,4.187096774193549,0.8290322580645161,1.0225806451612902,0.4096774193548387,1023.8709677419355,1026.2516129032258,1021.5516129032258
2007-11,251.73333333333332,23.366666666666667,276.3,86.6,96.06666666666666,72.43333333333334,2.9033333333333333,3.23,4.8,1.7333333333333334,10.333333333333334,6.91,3.5966666666666667,9.9,2.0633333333333335,1.9400000000000002,1.9400000000000002,0.8400000000000001,1018.06,1021.8199999999999,1013.7933333333333
2007-12,175.25806451612902,29.548387096774192,206.61290322580646,89.0,95.93548387096774,80.0,3.738709677419355,3.990322580645161,5.548387096774194,2.6129032258064515,9.64516129032258,3.7774193548387096,1.135483870967742,6.309677419354839,2.306451612903226,1.9193548387096775,2.4483870967741934,0.7064516129032258,1020.7258064516129,1024.574193548387,1015.8516129032258
2008-01,206.70967741935485,19.612903225806452,200.74193548387098,85.58064516129032,93.61290322580645,76.03225806451613,5.125806451612903,5.429032258064517,7.451612903225806,3.4838709677419355,13.096774193548388,6.503225806451613,3.8129032258064517,8.819354838709677,1.6161290322580646,3.329032258064516,3.103225806451613,0.9064516129032258,1014.0064516129032,1018.6387096774193,1008.741935483871
2008-02,185.27586206896552,44.62068965517241,538.0,80.6896551724138,94.34482758620689,63.758620689655174,3.506896551724138,3.8689655172413793,5.758620689655173,2.206896551724138,9.96551724137931,5.137931034482759,1.0827586206896553,9.168965517241379,4.406896551724138,1.1758620689655173,1.3448275862068966,0.5862068965517241,1023.8793103448276,1027.3275862068965,1019.9172413793103
2008-03,228.09677419354838,32.0,757.1290322580645,81.45161290322581,94.58064516129032,63.03225806451613,4.129032258064516,4.609677419354839,7.161290322580645,2.3870967741935485,13.419354838709678,5.9,2.1516129032258067,9.380645161290323,3.7612903225806456,3.2193548387096773,2.948387096774194,0.8064516129032258,1005.0322580645161,1009.8580645161289,999.7612903225806
2008-04,184.33333333333334,44.2,1418.9666666666667,75.16666666666667,93.43333333333334,53.333333333333336,3.0833333333333335,3.5833333333333335,5.666666666666667,1.7333333333333334,9.9,8.926666666666668,3.8633333333333337,13.770000000000001,6.156666666666666,1.01,1.1099999999999999,0.3466666666666667,1011.1233333333333,1014.1566666666666,1008.1533333333333
2008-05,95.09677419354838,53.96774193548387,1897.3870967741937,66.58064516129032,88.80645161290323,46.516129032258064,3.009677419354839,3.3483870967741933,5.096774193548387,1.6774193548387097,9.03225806451613,15.674193548387096,9.290322580645162,21.161290322580644,8.370967741935484,1.0290322580645161,1.0516129032258066,0.5387096774193549,1015.8838709677419,1017.8387096774194,1013.6967741935483
2008-06,226.96666666666667,46.46666666666667,1968.9333333333334,74.66666666666667,95.76666666666667,52.53333333333333,2.55,3.0433333333333334,4.933333333333334,1.0666666666666667,9.333333333333334,16.486666666666668,10.79,21.576666666666664,7.75,0.6266666666666667,1.3166666666666667,0.8,1015.85,1017.6166666666667,1013.8
2008-07,202.19354838709677,36.193548387096776,1650.3870967741937,79.0,96.45161290322581,58.0,2.729032258064516,3.1741935483870964,5.064516129032258,1.5161290322580645,10.064516129032258,18.051612903225806,13.283870967741937,22.738709677419354,5.858064516129032,2.3870967741935485,4.090322580645161,1.8258064516129033,1014.074193548387,1016.5870967741936,1011.5677419354838
2008-08,216.5483870967742,35.87096774193548,1328.9032258064517,82.3225806451613,96.51612903225806,63.774193548387096,3.0580645161290323,3.5161290322580645,5.258064516129032,1.8709677419354838,10.03225806451613,17.393548387096775,13.241935483870968,21.780645161290323,5.270967741935484,1.8096774193548388,3.6548387096774193,1.8129032258064515,1011.7258064516129,1013.9516129032259,1009.0709677419355
2008-09,129.4,38.833333333333336,1016.8333333333334,83.3,96.43333333333334,62.63333333333333,2.77,3.0733333333333333,4.866666666666666,1.6333333333333333,8.966666666666667,13.610000000000001,9.28,18.203333333333333,4.89,1.9266666666666667,3.3233333333333333,1.2233333333333334,1017.8466666666667,1020.5366666666666,1015.2333333333333
2008-10,200.2258064516129,40.41935483870968,637.2903225806451,86.3225806451613,97.29032258064517,69.35483870967742,2.990322580645161,3.303225806451613,5.0,1.6129032258064515,9.612903225806452,10.080645161290322,6.02258064516129,13.864516129032259,4.312903225806451,2.467741935483871,2.9322580645161294,0.8419354838709678,1014.7870967741936,1018.3193548387097,1011.2354838709678
2008-11,187.33333333333334,20.033333333333335,255.1,89.63333333333334,97.33333333333333,78.56666666666666,3.43,3.743333333333333,5.666666666666667,1.9333333333333333,10.333333333333334,6.8533333333333335,4.076666666666666,9.163333333333332,1.7833333333333334,2.8066666666666666,3.0,1.0466666666666666,1012.5400000000001,1016.0833333333334,1008.5233333333333
2008-12,180.80645161290323,35.064516129032256,224.03225806451613,89.16129032258064,95.16129032258064,80.41935483870968,2.929032258064516,3.225806451612903,4.741935483870968,1.8387096774193548,8.193548387096774,2.448387096774194,-0.3870967741935484,5.070967741935483,2.7387096774193544,0.970967741935484,0.7612903225806451,0.34838709677419355,1018.158064516129,1021.758064516129,1014.5193548387097
2009-01,163.0,38.38709677419355,298.5483870967742,86.25806451612904,94.7741935483871,75.19354838709677,3.293548387096774,3.706451612903226,5.225806451612903,2.096774193548387,9.064516129032258,0.7967741935483871,-2.2483870967741937,3.7193548387096773,3.2516129032258063,2.0935483870967744,1.7129032258064516,0.4,1013.741935483871,1017.7225806451613,1009.741935483871
2009-02,231.71428571428572,17.428571428571427,334.25,87.5,95.28571428571429,75.85714285714286,2.6750000000000003,3.1999999999999997,4.785714285714286,1.7142857142857142,8.5,3.307142857142857,0.7285714285714285,5.857142857142857,1.6964285714285714,3.2285714285714286,1.9535714285714285,0.65,1013.9785714285715,1017.3357142857143,1010.4928571428571
2009-03,223.67741935483872,38.03225806451613,862.1290322580645,80.70967741935483,93.7741935483871,63.193548387096776,3.009677419354839,3.5870967741935487,5.483870967741935,1.7096774193548387,10.129032258064516,6.325806451612903,2.458064516129032,10.041935483870969,4.583870967741936,1.929032258064516,1.5419354838709676,0.5387096774193548,1013.9645161290323,1018.1096774193549,1009.9064516129032
2009-04,164.0,54.36666666666667,1540.9333333333334,75.03333333333333,94.9,52.4,2.39,3.033333333333333,5.133333333333334,1.2666666666666666,8.833333333333334,12.176666666666668,6.1899999999999995,17.87,7.55,0.7799999999999999,0.6533333333333334,0.32333333333333336,1014.12,1016.5866666666666,1011.7333333333333
2009-05,189.51612903225808,48.38709677419355,1820.8387096774193,72.25806451612904,94.06451612903226,51.67741935483871,3.190322580645161,3.6774193548387095,5.709677419354839,1.5161290322580645,10.870967741935484,13.85483870967742,8.012903225806452,18.864516129032257,7.625806451612903,1.4741935483870967,2.0870967741935487,1.2161290322580645,1018.7774193548387,1021.4451612903225,1016.0967741935484
2009-06,194.0,46.3,1980.4,74.73333333333333,94.36666666666666,53.63333333333333,2.5866666666666664,3.013333333333333,4.8,1.4,8.766666666666667,15.643333333333334,10.55,20.279999999999998,7.72,1.1733333333333333,1.7733333333333334,0.81,1016.7833333333333,1019.0133333333334,1014.3766666666667
2009-07,216.19354838709677,46.38709677419355,1837.8387096774193,75.48387096774194,94.29032258064517,54.54838709677419,2.796774193548387,3.2903225806451615,5.290322580645161,1.4516129032258065,10.225806451612904,18.080645161290324,13.416129032258064,22.761290322580646,7.519354838709678,1.2806451612903227,3.435483870967742,1.9870967741935484,1012.8387096774194,1015.3645161290323,1009.9612903225806
2009-08,221.51612903225808,49.87096774193548,1688.9354838709678,75.29032258064517,95.51612903225806,52.483870967741936,2.335483870967742,2.8096774193548386,4.516129032258065,1.2258064516129032,8.516129032258064,18.45483870967742,12.235483870967743,24.019354838709678,7.296774193548386,0.8161290322580645,1.5,0.8387096774193549,1016.4709677419354,1018.6290322580645,1014.2354838709678
2009-09,184.86666666666667,41.96666666666667,1085.8,82.03333333333333,96.23333333333333,62.666666666666664,2.8433333333333333,3.1199999999999997,4.9,1.4,9.033333333333333,14.963333333333335,10.213333333333333,19.69333333333333,5.33,0.9333333333333333,1.0899999999999999,0.3266666666666667,1020.8,1022.7733333333333,1018.5933333333334
2009-10,212.5483870967742,37.064516129032256,614.483870967742,84.54838709677419,95.90322580645162,68.16129032258064,2.7548387096774194,3.1806451612903226,5.096774193548387,1.4516129032258065,9.419354838709678,10.693548387096774,6.790322580645161,14.47741935483871,3.9612903225806453,1.7677419354838708,2.8806451612903223,1.4709677419354839,1016.6387096774193,1019.5935483870968,1013.4225806451614
2009-11,192.3,19.433333333333334,237.53333333333333,86.6,94.76666666666667,77.03333333333333,4.52,4.826666666666667,6.9,3.066666666666667,12.133333333333333,9.473333333333333,6.713333333333334,11.879999999999999,1.71,2.71,3.993333333333333,1.5033333333333334,1004.08,1007.63,1000.76
2009-12,148.58064516129033,24.741935483870968,189.83870967741936,87.06451612903226,93.93548387096774,76.87096774193549,3.303225806451613,3.735483870967742,5.258064516129032,2.2903225806451615,9.35483870967742,2.225806451612903,-0.43225806451612914,4.396774193548388,1.9258064516129034,3.3483870967741933,2.7,0.7870967741935483,1006.758064516129,1010.3741935483871,1002.9354838709677
2010-01,145.74193548387098,28.0,268.5483870967742,87.19354838709677,95.0,78.0,2.954838709677419,3.2451612903225806,4.806451612903226,1.7419354838709677,8.451612903225806,-0.4548387096774194,-3.138709677419355,1.7483870967741937,2.329032258064516,1.9451612903225806,1.303225806451613,0.3967741935483871,1015.1290322580645,1019.2451612903226,1010.8903225806451
2010-02,135.03571428571428,19.321428571428573,353.10714285714283,84.71428571428571,93.14285714285714,73.03571428571429,3.1392857142857147,3.775,5.571428571428571,1.8571428571428572,9.964285714285714,1.5999999999999999,-1.0892857142857142,4.3464285714285715,1.8857142857142857,3.4035714285714285,2.7357142857142853,0.6178571428571429,1003.4321428571428,1007.342857142857,999.7785714285714
2010-03,180.19354838709677,40.03225806451613,891.7741935483871,76.25806451612904,91.70967741935483,57.61290322580645,3.332258064516129,3.7096774193548385,5.645161290322581,1.903225806451613,10.35483870967742,6.435483870967742,2.5806451612903225,10.22258064516129,4.661290322580645,1.7580645161290323,1.7451612903225804,0.667741935483871,1016.816129032258,1019.9032258064516,1013.4580645161291
2010-04,192.23333333333332,58.9,1657.5333333333333,68.36666666666666,92.1,45.03333333333333,2.9233333333333333,3.3699999999999997,5.3,1.5333333333333334,9.733333333333333,9.723333333333333,3.71,15.083333333333334,8.203333333333333,0.8566666666666667,1.0133333333333332,0.4233333333333333,1019.4033333333333,1022.0566666666667,1016.6533333333333
2010-05,199.58064516129033,38.74193548387097,1600.225806451613,75.6774193548387,95.03225806451613,56.74193548387097,2.8419354838709676,3.129032258064516,4.903225806451613,1.1935483870967742,9.161290322580646,10.493548387096775,5.574193548387097,14.745161290322581,6.132258064516129,2.3548387096774195,2.116129032258064,0.5064516129032258,1015.7774193548387,1017.9774193548387,1013.5935483870968
2010-06,192.7,56.233333333333334,2185.8333333333335,70.73333333333333,94.16666666666667,47.9,2.253333333333333,2.7933333333333334,4.6,1.1333333333333333,8.9,16.44,10.24,21.990000000000002,9.366666666666667,0.4966666666666667,0.5966666666666666,0.2966666666666667,1016.64,1018.6633333333334,1014.7266666666667
2010-07,242.3548387096774,50.70967741935484,2011.483870967742,70.3225806451613,94.3225806451613,48.354838709677416,1.9225806451612903,2.7096774193548385,4.806451612903226,1.032258064516129,9.483870967741936,19.874193548387098,13.95483870967742,25.193548387096776,8.258064516129032,0.7838709677419355,2.4741935483870967,1.6516129032258065,1015.8451612903226,1018.0258064516129,1013.7483870967742
2010-08,228.8709677419355,35.83870967741935,1316.1935483870968,80.2258064516129,96.64516129032258,60.16129032258065,2.570967741935484,3.0999999999999996,5.161290322580645,1.1290322580645162,10.129032258064516,16.787096774193547,12.229032258064517,20.980645161290322,5.258064516129032,2.5903225806451613,5.0032258064516135,1.832258064516129,1012.8838709677419,1015.5935483870968,1009.9612903225806
2010-09,191.56666666666666,36.6,976.4,84.13333333333334,97.53333333333333,64.96666666666667,2.64,2.9266666666666667,4.7,1.2,9.166666666666666,13.553333333333335,9.0,17.833333333333332,4.6866666666666665,2.29,2.993333333333333,1.4600000000000002,1014.6533333333333,1017.01,1012.1466666666668
2010-10,177.2258064516129,33.41935483870968,632.9032258064516,85.80645161290323,97.61290322580645,68.90322580645162,3.193548387096774,3.425806451612903,5.193548387096774,1.7741935483870968,9.483870967741936,10.403225806451612,6.267741935483872,14.258064516129032,3.5999999999999996,2.261290322580645,2.829032258064516,0.8774193548387097,1013.5483870967741,1016.7161290322581,1010.3806451612903
2010-11,170.76666666666668,20.033333333333335,246.7,89.76666666666667,97.83333333333333,77.03333333333333,3.0833333333333335,3.4966666666666666,5.2,1.6666666666666667,9.533333333333333,5.806666666666667,3.0433333333333334,8.083333333333334,1.7266666666666666,2.7066666666666666,2.753333333333333,0.9766666666666667,1005.7066666666667,1009.1933333333333,1002.3
2010-12,177.96774193548387,17.580645161290324,167.51612903225808,89.96774193548387,96.35483870967742,80.83870967741936,2.761290322580645,3.1838709677419357,4.645161290322581,1.6451612903225807,8.387096774193548,-1.1451612903225807,-4.135483870967741,1.0483870967741935,1.3709677419354838,1.9,1.3741935483870968,0.5032258064516129,1013.332258064516,1016.2322580645161,1010.2903225806451
2011-01,215.58064516129033,26.806451612903224,241.16129032258064,90.09677419354838,97.51612903225806,79.09677419354838,3.148387096774193,3.5354838709677416,5.032258064516129,1.8709677419354838,9.096774193548388,3.519354838709677,0.7290322580645162,5.932258064516129,2.232258064516129,2.990322580645161,2.77741935483871,0.7258064516129032,1018.1709677419354,1021.2451612903226,1015.3483870967742
2011-02,173.14285714285714,23.821428571428573,375.9642857142857,86.46428571428571,93.82142857142857,76.64285714285714,4.160714285714286,4.5,6.035714285714286,2.8214285714285716,10.464285714285714,4.578571428571428,1.9107142857142858,7.207142857142857,2.3642857142857143,2.7785714285714285,2.257142857142857,0.6535714285714286,1016.092857142857,1019.1071428571429,1013.025
2011-03,136.74193548387098,50.54838709677419,1015.9354838709677,80.0,95.87096774193549,59.354838709677416,2.829032258064516,3.138709677419355,4.903225806451613,1.4516129032258065,8.290322580645162,6.048387096774194,1.2225806451612902,11.087096774193547,5.97741935483871,0.6870967741935484,0.7645161290322581,0.3225806451612903,1022.7451612903226,1025.483870967742,1020.1129032258065
2011-04,149.66666666666666,59.266666666666666,1636.2,69.93333333333334,96.06666666666666,44.6,2.7866666666666666,3.1533333333333333,5.066666666666666,1.4666666666666666,9.2,13.116666666666667,6.783333333333333,19.133333333333333,8.286666666666667,0.15666666666666668,0.26,0.13333333333333333,1019.2466666666667,1021.0866666666666,1017.25
2011-05,216.41935483870967,52.16129032258065,1876.3870967741937,68.35483870967742,92.51612903225806,46.354838709677416,3.1838709677419357,3.574193548387097,5.387096774193548,1.7096774193548387,10.612903225806452,13.974193548387097,8.23225806451613,19.038709677419355,8.125806451612904,0.8709677419354839,0.9741935483870967,0.5387096774193548,1018.1903225806452,1020.7516129032258,1015.3741935483871
2011-06,209.36666666666667,42.43333333333333,1808.0,75.66666666666667,95.46666666666667,55.1,2.9766666666666666,3.4099999999999997,5.233333333333333,1.5666666666666667,11.366666666666667,16.116666666666667,11.1,20.616666666666667,7.05,2.2,3.8066666666666666,1.88,1015.4466666666667,1017.89,1012.62
2011-07,212.93548387096774,30.93548387096774,1553.5806451612902,78.0,96.64516129032258,58.58064516129032,2.803225806451613,3.225806451612903,4.935483870967742,1.3225806451612903,10.129032258064516,15.890322580645162,11.625806451612902,19.87741935483871,5.077419354838709,3.0806451612903225,5.764516129032257,1.8419354838709678,1012.3451612903226,1014.4741935483871,1010.2161290322581
2011-08,226.93548387096774,30.129032258064516,1321.483870967742,82.25806451612904,97.41935483870968,62.935483870967744,2.306451612903226,2.929032258064516,4.645161290322581,1.1290322580645162,9.709677419354838,16.887096774193548,12.116129032258065,21.322580645161292,4.45483870967742,2.0161290322580645,3.074193548387097,1.3161290322580643,1012.9903225806452,1015.5870967741936,1010.332258064516
2011-09,200.46666666666667,42.1,1070.9333333333334,83.23333333333333,97.06666666666666,63.5,2.896666666666667,3.2366666666666664,5.1,1.7,10.833333333333334,15.639999999999999,10.866666666666667,20.363333333333333,5.283333333333333,1.3533333333333333,2.9566666666666666,1.5366666666666664,1014.9,1017.08,1012.37
2011-10,180.32258064516128,45.645161290322584,684.2903225806451,83.70967741935483,96.38709677419355,65.61290322580645,3.167741935483871,3.393548387096774,5.032258064516129,1.7419354838709677,10.129032258064516,11.419354838709678,7.380645161290323,15.893548387096773,4.874193548387097,2.0451612903225804,2.1870967741935483,0.6032258064516128,1018.1870967741935,1020.8580645161289,1015.241935483871
2011-11,138.13333333333333,36.833333333333336,346.6333333333333,90.56666666666666,97.13333333333334,79.8,2.9166666666666665,3.14,4.633333333333334,1.6,8.366666666666667,7.1899999999999995,4.15,10.7,3.253333333333333,0.38333333333333336,0.3433333333333334,0.14333333333333337,1019.4366666666666,1021.95,1016.6933333333333
2011-12,231.51612903225808,21.548387096774192,177.0,83.35483870967742,93.74193548387096,71.80645161290323,4.290322580645161,4.793548387096774,6.870967741935484,2.774193548387097,14.129032258064516,6.480645161290322,4.061290322580645,8.54516129032258,1.6935483870967742,3.9096774193548387,4.480645161290322,1.7129032258064516,1009.9032258064516,1014.3483870967742,1004.4677419354839
2012-01,215.48387096774192,25.774193548387096,228.32258064516128,84.38709677419355,94.6774193548387,71.74193548387096,3.9000000000000004,4.209677419354839,5.903225806451613,2.5161290322580645,12.35483870967742,4.880645161290323,2.2774193548387096,7.432258064516129,2.161290322580645,2.670967741935484,2.7161290322580647,0.8258064516129032,1019.3838709677419,1022.9548387096773,1015.8677419354839
2012-02,191.31034482758622,37.241379310344826,499.9310344827586,81.48275862068965,93.34482758620689,66.41379310344827,3.36551724137931,3.5827586206896553,5.241379310344827,1.793103448275862,9.655172413793103,0.7999999999999999,-3.0379310344827584,3.8689655172413793,3.589655172413793,1.2724137931034483,0.6758620689655173,0.2655172413793104,1028.5655172413794,1031.3999999999999,1025.7206896551725
2012-03,201.03225806451613,44.54838709677419,931.4516129032259,81.7741935483871,96.83870967741936,62.25806451612903,2.52258064516129,2.925806451612903,4.580645161290323,1.2580645161290323,8.32258064516129,8.293548387096775,3.3741935483870966,12.790322580645162,5.367741935483871,0.696774193548387,0.635483870967742,0.17419354838709677,1027.074193548387,1029.774193548387,1024.1548387096775
2012-04,195.93333333333334,29.133333333333333,1152.0333333333333,78.6,96.03333333333333,56.36666666666667,3.25,3.73,5.933333333333334,1.6333333333333333,11.1,8.383333333333333,3.9066666666666667,12.533333333333333,4.043333333333333,1.8466666666666667,1.5733333333333335,0.7833333333333333,1005.3033333333333,1009.05,1001.5766666666666
2012-05,200.61290322580646,42.58064516129032,1732.967741935484,75.51612903225806,95.83870967741936,56.354838709677416,2.6548387096774193,3.2161290322580647,4.967741935483871,1.2903225806451613,10.161290322580646,14.451612903225806,9.332258064516129,19.206451612903226,6.741935483870968,1.3548387096774193,2.7096774193548385,1.135483870967742,1015.8516129032258,1018.8387096774194,1012.9225806451612
2012-06,180.66666666666666,31.666666666666668,1579.6666666666667,75.73333333333333,94.2,57.166666666666664,2.95,3.5300000000000002,5.4,1.6,10.766666666666667,14.866666666666667,10.273333333333333,18.89,5.276666666666667,2.03,3.02,1.3766666666666665,1012.74,1015.6133333333333,1009.7766666666666
2012-07,222.2258064516129,39.903225806451616,1753.6774193548388,76.48387096774194,95.16129032258064,54.67741935483871,2.725806451612903,3.0935483870967744,4.903225806451613,1.4516129032258065,9.838709677419354,17.25483870967742,12.73225806451613,21.612903225806452,6.451612903225806,1.7838709677419353,2.9387096774193546,1.4483870967741934,1013.9096774193548,1016.483870967742,1011.3096774193548
2012-08,182.61290322580646,47.903225806451616,1653.2903225806451,77.64516129032258,97.0,53.74193548387097,2.2774193548387096,2.8741935483870966,4.806451612903226,1.1935483870967742,10.129032258064516,18.458064516129035,13.029032258064515,23.706451612903226,7.048387096774194,1.1935483870967742,2.954838709677419,1.5741935483870966,1015.4645161290323,1017.8032258064517,1012.7741935483871
2012-09,230.1,42.5,1096.0666666666666,80.6,97.06666666666666,58.833333333333336,2.6,3.0433333333333334,4.933333333333334,1.4,10.0,14.153333333333334,9.266666666666667,18.959999999999997,5.426666666666667,1.1666666666666667,1.8866666666666667,0.7333333333333333,1014.9133333333334,1017.5400000000001,1012.05
2012-10,168.61290322580646,32.54838709677419,595.8387096774194,85.0,97.16129032258064,66.38709677419355,2.8806451612903223,3.2129032258064516,5.032258064516129,1.8064516129032258,9.709677419354838,10.503225806451614,6.883870967741935,14.480645161290322,3.490322580645161,2.3806451612903223,3.293548387096774,1.1838709677419355,1010.9096774193548,1013.983870967742,1007.5451612903227
2012-11,204.56666666666666,22.566666666666666,265.8666666666667,89.13333333333334,97.03333333333333,76.23333333333333,3.26,3.566666666666667,5.366666666666666,2.066666666666667,10.233333333333333,6.84,3.4833333333333334,9.78,1.9833333333333334,1.8333333333333333,1.3533333333333333,0.5966666666666666,1010.7800000000001,1014.1066666666667,1007.1266666666667
2012-12,211.83870967741936,14.387096774193548,156.48387096774192,89.38709677419355,96.74193548387096,79.51612903225806,3.7903225806451615,4.219354838709678,6.387096774193548,2.193548387096774,12.580645161290322,5.038709677419354,2.570967741935484,7.319354838709677,1.132258064516129,4.658064516129032,4.735483870967743,1.3838709677419354,1008.5451612903227,1013.7258064516129,1003.8419354838709
2013-01,167.3548387096774,25.612903225806452,242.25806451612902,84.90322580645162,93.06451612903226,74.51612903225806,3.606451612903226,3.903225806451613,5.580645161290323,2.2903225806451615,9.903225806451612,2.0161290322580645,-0.6451612903225806,4.17741935483871,2.1451612903225805,2.3870967741935485,1.896774193548387,0.6290322580645161,1014.1580645161291,1017.2838709677419,1010.9451612903225
2013-02,139.07142857142858,28.642857142857142,449.5,82.07142857142857,93.32142857142857,67.39285714285714,3.1785714285714284,3.5785714285714287,5.178571428571429,2.0,9.821428571428571,1.6607142857142858,-0.7964285714285715,4.289285714285714,2.7857142857142856,2.210714285714286,1.6964285714285714,0.5892857142857143,1016.9,1020.5178571428571,1013.3535714285715
2013-03,95.41935483870968,33.225806451612904,846.5806451612904,68.90322580645162,84.12903225806451,53.354838709677416,3.9387096774193546,4.34516129032258,6.096774193548387,2.4193548387096775,10.387096774193548,2.454838709677419,-1.1483870967741936,6.009677419354839,3.9741935483870967,1.7354838709677418,1.164516129032258,0.1870967741935484,1009.925806451613,1012.1645161290322,1007.7870967741936
2013-04,176.73333333333332,43.6,1418.2666666666667,69.9,89.9,48.56666666666667,3.3833333333333333,3.8833333333333333,6.166666666666667,1.6,11.266666666666667,8.126666666666667,2.606666666666667,13.120000000000001,6.05,0.9700000000000001,0.7466666666666666,0.26999999999999996,1015.48,1018.7333333333333,1012.1733333333334
2013-05,215.90322580645162,34.29032258064516,1457.0645161290322,76.3225806451613,94.19354838709677,56.774193548387096,2.8548387096774195,3.4096774193548387,5.32258064516129,1.5806451612903225,10.387096774193548,11.493548387096775,6.793548387096774,15.687096774193549,5.354838709677419,2.3451612903225807,2.8032258064516125,0.9161290322580646,1011.3193548387097,1013.5354838709677,1009.0258064516129
2013-06,186.16666666666666,35.53333333333333,1749.8,75.46666666666667,94.46666666666667,56.733333333333334,3.3333333333333335,3.6366666666666663,5.4,1.8,10.1,15.253333333333334,10.103333333333333,19.916666666666668,5.913333333333333,1.3366666666666667,1.6533333333333333,0.77,1017.9633333333334,1020.3199999999999,1015.37
2013-07,172.03225806451613,47.83870967741935,1955.8387096774193,75.74193548387096,96.74193548387096,54.225806451612904,2.325806451612903,2.738709677419355,4.580645161290323,1.064516129032258,8.580645161290322,19.190322580645162,13.280645161290321,24.27741935483871,7.767741935483871,0.4741935483870968,1.2838709677419353,0.6290322580645161,1020.0999999999999,1021.7709677419356,1018.2032258064515
2013-08,197.06451612903226,48.41935483870968,1640.2903225806451,76.54838709677419,97.19354838709677,52.516129032258064,2.1774193548387095,2.661290322580645,4.580645161290323,1.0,9.064516129032258,18.070967741935487,11.899999999999999,23.429032258064513,7.106451612903226,0.7225806451612903,0.8483870967741934,0.3387096774193548,1017.5709677419355,1019.7709677419356,1015.241935483871
2013-09,210.33333333333334,36.4,1009.5666666666667,83.6,97.03333333333333,63.333333333333336,2.493333333333333,2.8866666666666663,4.733333333333333,1.3666666666666667,9.3,14.446666666666665,9.966666666666667,18.92,4.566666666666666,2.1733333333333333,3.7766666666666664,1.04,1015.0933333333334,1017.6766666666666,1011.9533333333333
2013-10,189.7741935483871,34.61290322580645,609.8709677419355,86.25806451612904,96.3225806451613,71.41935483870968,3.3483870967741933,3.8,5.709677419354839,2.161290322580645,10.96774193548387,12.167741935483871,8.235483870967743,15.806451612903226,3.7,2.648387096774193,5.183870967741936,1.3612903225806452,1012.8806451612903,1016.0548387096775,1009.8870967741935
2013-11,221.46666666666667,17.566666666666666,250.06666666666666,88.9,97.33333333333333,75.43333333333334,2.5833333333333335,3.08,5.233333333333333,1.3,10.333333333333334,6.73,3.7333333333333334,9.483333333333333,1.5533333333333335,2.71,3.816666666666667,1.39,1015.51,1019.7033333333333,1011.0233333333333
2013-12,199.51612903225808,31.06451612903226,209.96774193548387,86.54838709677419,95.03225806451613,73.7741935483871,4.116129032258065,4.406451612903226,6.32258064516129,2.7096774193548385,11.903225806451612,5.925806451612903,3.235483870967742,8.564516129032258,2.435483870967742,2.4516129032258065,2.141935483870968,0.8483870967741935,1016.9548387096773,1020.9354838709677,1012.6290322580645
2014-01,173.5483870967742,25.806451612903224,232.41935483870967,85.87096774193549,93.90322580645162,77.3225806451613,3.9193548387096775,4.374193548387097,6.225806451612903,2.7419354838709675,11.838709677419354,5.651612903225806,3.306451612903226,7.980645161290322,2.1580645161290324,2.035483870967742,1.9967741935483871,0.8387096774193549,1005.4903225806452,1008.9516129032259,1001.3612903225807
2014-02,187.53571428571428,31.464285714285715,459.82142857142856,81.28571428571429,92.17857142857143,67.0,4.8428571428571425,5.107142857142857,7.142857142857143,3.1785714285714284,13.214285714285714,6.5,3.5321428571428575,9.65,3.125,2.6535714285714285,2.3607142857142853,0.7928571428571428,1003.1285714285714,1007.85,998.7678571428571
2014-03,179.06451612903226,55.12903225806452,1075.7096774193549,74.90322580645162,93.12903225806451,52.83870967741935,2.980645161290323,3.416129032258065,5.161290322580645,1.6774193548387097,9.935483870967742,8.412903225806453,3.0903225806451613,13.803225806451612,6.538709677419354,0.5612903225806452,0.8096774193548387,0.22580645161290322,1016.3967741935484,1019.1354838709677,1013.7
2014-04,199.9,42.13333333333333,1423.6,75.5,93.4,53.43333333333333,2.4766666666666666,3.0,4.833333333333333,1.2666666666666666,9.4,12.113333333333333,7.069999999999999,17.12,5.83,0.83,1.9333333333333333,1.2033333333333334,1014.8166666666667,1017.3199999999999,1012.0966666666667
2014-05,144.7741935483871,39.54838709677419,1635.5806451612902,76.2258064516129,95.7741935483871,54.645161290322584,2.6129032258064515,3.1516129032258067,4.935483870967742,1.3870967741935485,9.838709677419354,13.238709677419354,8.258064516129032,17.664516129032258,6.206451612903226,2.42258064516129,3.2838709677419353,1.4580645161290322,1015.3580645161289,1018.3580645161289,1012.1483870967742
2014-06,252.93333333333334,45.56666666666667,1987.9333333333334,73.53333333333333,95.3,51.733333333333334,2.1766666666666667,2.67,4.5,0.9666666666666667,8.633333333333333,16.183333333333334,10.376666666666667,20.903333333333332,7.6,0.7866666666666666,0.9966666666666666,0.5266666666666667,1018.4233333333334,1020.2966666666667,1016.62
2014-07,206.29032258064515,42.67741935483871,1813.8709677419354,77.6774193548387,96.51612903225806,57.0,2.3870967741935485,2.806451612903226,4.580645161290323,1.096774193548387,9.03225806451613,19.751612903225805,14.832258064516129,24.64516129032258,6.912903225806452,1.393548387096774,4.416129032258064,2.8774193548387097,1014.2645161290322,1016.4322580645162,1012.3258064516128
2014-08,210.41935483870967,43.645161290322584,1446.483870967742,81.7741935483871,97.12903225806451,59.806451612903224,2.6806451612903226,3.1451612903225805,5.032258064516129,1.3225806451612903,10.516129032258064,16.09032258064516,11.609677419354838,20.396774193548385,6.419354838709677,1.993548387096774,4.800000000000001,2.403225806451613,1011.7096774193549,1014.3193548387097,1008.8677419354839
2014-09,175.8,45.53333333333333,1152.3666666666666,84.13333333333334,99.2,61.46666666666667,2.006666666666667,2.243333333333333,3.966666666666667,0.7666666666666667,7.633333333333334,15.853333333333333,10.543333333333333,20.983333333333334,5.796666666666667,0.4166666666666667,0.6666666666666666,0.32,1018.9166666666666,1020.6133333333333,1017.25
2014-10,191.96774193548387,30.032258064516128,557.9677419354839,87.87096774193549,97.29032258064517,72.2258064516129,2.8548387096774195,3.2548387096774194,4.903225806451613,1.7741935483870968,9.451612903225806,13.429032258064517,10.33548387096774,16.97741935483871,3.2225806451612904,1.7806451612903227,2.4000000000000004,0.8548387096774194,1014.2451612903226,1016.7677419354839,1011.2709677419356
2014-11,142.23333333333332,33.266666666666666,324.8,88.33333333333333,96.16666666666667,77.5,3.1133333333333337,3.3400000000000003,4.9,1.8333333333333333,8.7,8.173333333333334,5.376666666666667,10.8,2.9566666666666666,1.8733333333333335,1.5433333333333332,0.6466666666666666,1010.3366666666667,1013.3033333333333,1007.3666666666667
2014-12,199.5483870967742,24.161290322580644,176.6451612903226,84.7741935483871,93.83870967741936,74.09677419354838,3.964516129032258,4.290322580645161,6.419354838709677,2.5161290322580645,12.096774193548388,4.84516129032258,2.135483870967742,7.132258064516129,1.8903225806451613,3.0387096774193547,3.1870967741935483,0.8709677419354839,1017.1903225806452,1020.7387096774194,1013.558064516129
2015-01,211.38709677419354,21.032258064516128,217.0,84.51612903225806,94.12903225806451,72.58064516129032,3.9548387096774196,4.361290322580645,6.419354838709677,2.5806451612903225,12.096774193548388,4.019354838709678,1.4516129032258065,6.409677419354838,1.7451612903225806,3.5903225806451613,3.7225806451612904,1.1161290322580646,1013.5129032258066,1017.8387096774194,1009.3709677419355
2015-02,201.32142857142858,40.5,537.0714285714286,84.21428571428571,94.85714285714286,68.5,3.1714285714285713,3.5107142857142857,5.285714285714286,1.7857142857142858,10.035714285714286,3.4892857142857143,-0.0071428571428571236,7.0,4.0285714285714285,2.039285714285714,2.157142857142857,0.6607142857142857,1016.4,1020.8071428571428,1011.782142857143
2015-03,214.96774193548387,43.03225806451613,891.8387096774194,78.25806451612904,94.7741935483871,59.935483870967744,3.396774193548387,3.893548387096774,5.870967741935484,1.903225806451613,11.129032258064516,6.158064516129032,1.7806451612903225,10.17741935483871,5.054838709677419,1.7322580645161292,1.9193548387096775,0.7096774193548387,1019.7612903225806,1023.4129032258064,1015.9645161290323
2015-04,207.96666666666667,57.63333333333333,1640.5333333333333,71.9,93.96666666666667,47.63333333333333,2.6266666666666665,3.19,5.3,1.2666666666666666,10.066666666666666,8.99,3.0366666666666666,14.34,8.013333333333334,0.83,0.69,0.3,1021.35,1024.3833333333334,1018.3166666666667
2015-05,225.74193548387098,45.83870967741935,1784.6774193548388,70.29032258064517,93.0,48.83870967741935,2.9645161290322584,3.5387096774193547,5.774193548387097,1.3225806451612903,11.225806451612904,12.364516129032259,6.651612903225806,16.996774193548386,7.161290322580645,1.1838709677419357,1.4903225806451614,0.8193548387096774,1015.1548387096774,1018.5064516129032,1011.667741935484
2015-06,199.7,46.7,1987.7,70.23333333333333,94.26666666666667,49.46666666666667,2.85,3.27,5.033333333333333,1.2333333333333334,9.966666666666667,15.6,9.35,20.34333333333333,7.763333333333334,0.7100000000000001,1.0733333333333335,0.55,1019.5433333333333,1022.2900000000001,1016.4699999999999
2015-07,209.06451612903226,45.096774193548384,1820.225806451613,74.54838709677419,94.16129032258064,54.32258064516129,2.7193548387096773,3.4741935483870967,5.645161290322581,1.4516129032258065,11.451612903225806,18.383870967741935,13.193548387096774,23.15483870967742,7.335483870967742,2.0387096774193547,2.9451612903225803,1.2645161290322582,1014.2161290322581,1017.1935483870968,1011.0483870967741
2015-08,176.5483870967742,46.54838709677419,1647.4516129032259,78.3225806451613,97.12903225806451,57.096774193548384,2.2870967741935484,2.9096774193548387,4.741935483870968,1.3225806451612903,9.096774193548388,18.45483870967742,12.98709677419355,23.6,6.870967741935484,2.6451612903225805,3.6741935483870964,1.6,1015.1645161290322,1017.832258064516,1012.3806451612903
2015-09,189.93333333333334,39.2,1033.8666666666666,83.6,96.73333333333333,64.23333333333333,2.796666666666667,3.0833333333333335,5.1,1.3666666666666667,9.966666666666667,13.4,8.973333333333333,17.793333333333333,4.953333333333333,1.78,2.94,0.9233333333333333,1017.12,1020.08,1014.0733333333334
2015-10,150.41935483870967,37.67741935483871,643.0,88.35483870967742,98.03225806451613,71.87096774193549,2.1225806451612903,2.416129032258065,3.838709677419355,1.032258064516129,7.0,9.890322580645162,5.432258064516129,13.816129032258065,4.038709677419355,2.074193548387097,1.0483870967741935,0.3064516129032258,1018.5548387096775,1020.9774193548387,1016.1258064516129
2015-11,221.96666666666667,21.466666666666665,274.8,85.53333333333333,96.06666666666666,71.96666666666667,4.14,4.513333333333334,6.533333333333333,2.8,13.433333333333334,9.879999999999999,6.816666666666666,12.806666666666667,1.9266666666666667,4.04,4.9366666666666665,1.49,1015.0266666666666,1018.6666666666666,1011.2333333333333
2015-12,198.7741935483871,27.161290322580644,194.80645161290323,84.80645161290323,93.54838709677419,75.48387096774194,4.541935483870968,4.829032258064516,6.709677419354839,3.064516129032258,12.516129032258064,9.629032258064516,7.493548387096775,11.883870967741935,2.1129032258064515,1.8741935483870968,1.3451612903225805,0.4645161290322581,1021.7161290322581,1024.6806451612904,1017.9032258064516
2016-01,190.03225806451613,22.35483870967742,221.09677419354838,86.70967741935483,95.74193548387096,74.45161290322581,3.793548387096774,4.241935483870968,6.161290322580645,2.6451612903225805,11.483870967741936,4.783870967741936,1.8516129032258064,7.216129032258064,1.8774193548387097,3.593548387096774,3.7419354838709675,1.0032258064516129,1009.9677419354839,1013.6709677419354,1005.4032258064516
2016-02,179.27586206896552,36.06896551724138,496.9310344827586,82.37931034482759,94.79310344827586,66.48275862068965,3.893103448275862,4.224137931034483,6.413793103448276,2.310344827586207,12.275862068965518,4.582758620689655,1.5172413793103448,7.7379310344827585,3.658620689655172,3.5137931034482754,2.8275862068965516,0.7344827586206897,1009.8724137931034,1014.3827586206896,1005.6655172413792
2016-03,175.74193548387098,39.193548387096776,882.8387096774194,80.54838709677419,94.03225806451613,61.774193548387096,3.267741935483871,3.6580645161290324,5.870967741935484,1.6129032258064515,11.0,5.358064516129032,1.3096774193548388,9.451612903225806,4.616129032258065,1.7064516129032257,1.770967741935484,0.5096774193548387,1014.4354838709677,1017.8064516129032,1011.1548387096774
2016-04,201.9,46.733333333333334,1445.2333333333333,75.5,94.6,54.36666666666667,2.893333333333333,3.4466666666666668,5.633333333333334,1.5,11.433333333333334,8.68,4.04,12.97,6.493333333333334,1.9400000000000002,2.743333333333333,1.2366666666666668,1012.2466666666667,1015.0466666666667,1009.3466666666667
2016-05,180.93548387096774,45.25806451612903,1772.032258064516,70.51612903225806,91.38709677419355,49.935483870967744,3.1774193548387095,3.458064516129032,5.290322580645161,1.3870967741935485,10.129032258064516,14.509677419354839,8.98709677419355,19.190322580645162,6.983870967741935,1.1096774193548387,1.461290322580645,0.46774193548387094,1014.0129032258066,1016.4322580645162,1011.4451612903225
2016-06,208.36666666666667,32.0,1649.2666666666667,81.1,96.26666666666667,61.53333333333333,2.3366666666666664,2.7733333333333334,4.3,1.1666666666666667,9.0,16.82,12.71,21.236666666666668,5.319999999999999,1.9,5.14,2.8333333333333335,1013.7033333333333,1015.7133333333334,1011.7733333333333
2016-07,227.3548387096774,40.903225806451616,1768.1612903225807,77.64516129032258,95.7741935483871,57.12903225806452,2.4387096774193546,2.903225806451613,4.741935483870968,1.032258064516129,9.451612903225806,18.370967741935484,13.503225806451614,22.79032258064516,6.641935483870968,1.0483870967741935,2.351612903225807,1.074193548387097,1016.7870967741936,1018.6612903225806,1014.925806451613
2016-08,205.7741935483871,54.12903225806452,1602.516129032258,79.12903225806451,96.96774193548387,56.516129032258064,2.6774193548387095,3.0161290322580645,4.935483870967742,1.1612903225806452,9.64516129032258,17.88064516129032,12.519354838709678,22.67096774193548,7.84516129032258,1.7935483870967743,2.306451612903226,1.0483870967741935,1018.2967741935485,1020.6870967741935,1015.8258064516128
2016-09,167.96666666666667,55.3,1261.6333333333334,79.1,97.3,53.96666666666667,2.0966666666666667,2.546666666666667,4.233333333333333,1.0333333333333334,8.2,17.263333333333332,11.776666666666667,23.040000000000003,7.026666666666667,0.3233333333333333,0.5733333333333334,0.39,1017.74,1019.6333333333333,1015.6833333333333
2016-10,154.80645161290323,39.806451612903224,652.1612903225806,85.96774193548387,96.45161290322581,69.2258064516129,2.4129032258064513,2.6903225806451614,4.258064516129032,1.3225806451612903,8.03225806451613,9.887096774193548,5.851612903225806,13.870967741935484,4.267741935483872,0.8096774193548387,1.5064516129032257,0.8,1021.3903225806451,1023.7677419354839,1019.074193548387
2016-11,162.06666666666666,31.633333333333333,315.3,88.2,96.86666666666666,75.3,2.9566666666666666,3.256666666666667,5.1,1.5666666666666667,10.0,5.413333333333333,1.5433333333333332,8.729999999999999,2.76,2.9033333333333333,2.48,0.8266666666666667,1014.37,1017.7666666666667,1010.81
2016-12,192.06451612903226,24.06451612903226,185.8709677419355,90.2258064516129,96.96774193548387,80.80645161290323,2.9193548387096775,3.0999999999999996,4.387096774193548,2.0,8.161290322580646,4.66774193548387,1.7419354838709677,7.329032258064516,1.8903225806451613,0.9032258064516129,0.5387096774193548,0.2709677419354839,1028.2548387096774,1030.5387096774193,1025.541935483871
2017-01,177.51612903225808,33.096774193548384,277.0967741935484,86.64516129032258,96.38709677419355,73.51612903225806,2.4516129032258065,2.9129032258064513,4.225806451612903,1.2903225806451613,8.516129032258064,1.564516129032258,-1.3741935483870968,4.451612903225806,2.7548387096774194,1.8451612903225807,1.8741935483870968,0.5741935483870968,1022.8193548387097,1026.2290322580645,1018.8677419354839
2017-02,161.92857142857142,21.5,365.92857142857144,85.35714285714286,94.85714285714286,74.42857142857143,3.867857142857143,4.178571428571429,5.75,2.5,10.785714285714286,5.05,2.185714285714286,7.646428571428571,2.1357142857142857,3.0214285714285714,2.7607142857142857,0.8928571428571429,1015.0607142857143,1018.467857142857,1011.6785714285714
2017-03,198.6451612903226,47.096774193548384,981.1612903225806,77.03225806451613,94.12903225806451,56.935483870967744,3.267741935483871,3.735483870967742,5.806451612903226,1.7741935483870968,10.64516129032258,8.593548387096773,3.603225806451613,13.261290322580646,5.661290322580645,1.7516129032258065,1.9967741935483871,0.7225806451612903,1015.425806451613,1019.0516129032258,1011.7967741935485
2017-04,245.83333333333334,44.233333333333334,1422.7333333333333,73.0,95.36666666666666,51.56666666666667,2.55,3.0166666666666666,4.766666666666667,1.2666666666666666,9.6,8.556666666666667,3.29,13.206666666666667,6.180000000000001,0.8333333333333334,0.7899999999999999,0.3333333333333333,1021.0866666666666,1023.69,1018.2366666666666
2017-05,180.38709677419354,45.903225806451616,1863.4516129032259,72.58064516129032,95.54838709677419,50.70967741935484,2.4064516129032256,3.0774193548387094,5.161290322580645,1.2258064516129032,9.774193548387096,14.970967741935485,9.0,20.338709677419356,7.283870967741936,0.7903225806451613,1.135483870967742,0.6838709677419355,1017.0064516129032,1020.316129032258,1013.7322580645161
2017-06,196.86666666666667,42.8,1863.8,70.96666666666667,93.26666666666667,50.9,2.816666666666667,3.3,5.033333333333333,1.4666666666666666,10.233333333333333,18.043333333333333,12.383333333333333,22.94,7.13,1.2266666666666666,2.02,0.7799999999999999,1013.4466666666666,1015.9866666666666,1010.5533333333333
2017-07,225.80645161290323,39.38709677419355,1772.741935483871,76.87096774193549,95.93548387096774,55.45161290322581,2.274193548387097,2.896774193548387,4.935483870967742,1.032258064516129,9.96774193548387,17.94516129032258,12.73225806451613,22.53548387096774,6.390322580645161,1.6516129032258065,4.232258064516128,1.664516129032258,1014.074193548387,1016.4548387096773,1011.7290322580644
2017-08,214.5483870967742,39.903225806451616,1479.032258064516,78.96774193548387,96.90322580645162,55.58064516129032,1.8774193548387097,2.490322580645161,4.193548387096774,1.032258064516129,8.838709677419354,17.248387096774195,11.838709677419354,22.248387096774195,5.800000000000001,1.4838709677419355,1.7096774193548387,0.7354838709677419,1016.2032258064515,1018.5451612903227,1013.8096774193548
2017-09,193.0,37.733333333333334,1028.6,85.53333333333333,97.93333333333334,65.2,2.4699999999999998,2.7800000000000002,4.366666666666666,1.3666666666666667,8.9,13.676666666666668,9.146666666666667,18.209999999999997,4.783333333333333,2.5266666666666664,4.03,1.2933333333333332,1013.5266666666666,1015.6933333333333,1011.1933333333333
2017-10,233.8709677419355,33.32258064516129,573.2258064516129,82.6774193548387,95.83870967741936,68.74193548387096,3.4741935483870967,3.7193548387096773,5.580645161290323,1.967741935483871,11.35483870967742,13.341935483870968,10.329032258064515,16.483870967741936,3.5483870967741935,1.6419354838709677,2.7387096774193544,0.8709677419354839,1017.5935483870968,1020.6096774193549,1013.9516129032259
2017-11,228.13333333333333,23.866666666666667,276.8,87.26666666666667,96.4,73.73333333333333,2.746666666666667,3.0733333333333333,4.7,1.5,9.966666666666667,7.263333333333334,4.013333333333334,10.126666666666667,2.1333333333333333,2.42,2.4699999999999998,0.7966666666666666,1014.1166666666667,1017.6,1010.8666666666667
2017-12,221.19354838709677,10.290322580645162,123.64516129032258,89.25806451612904,96.2258064516129,80.29032258064517,3.361290322580645,3.838709677419355,5.645161290322581,2.032258064516129,11.451612903225806,4.880645161290323,2.574193548387097,7.003225806451613,0.7967741935483872,3.8677419354838714,5.229032258064516,1.3709677419354838,1011.9677419354839,1017.0193548387097,1006.5709677419355
2018-01,185.48387096774192,18.35483870967742,216.90322580645162,85.83870967741936,94.96774193548387,75.45161290322581,3.890322580645161,4.367741935483871,6.580645161290323,2.3225806451612905,13.03225806451613,5.622580645161291,2.9516129032258065,7.95483870967742,1.5225806451612904,2.606451612903226,2.7419354838709675,0.8999999999999999,1010.9645161290323,1015.6741935483872,1005.7967741935485
2018-02,133.03571428571428,56.67857142857143,671.3214285714286,76.53571428571429,90.25,58.607142857142854,3.517857142857143,3.8464285714285715,5.821428571428571,2.0357142857142856,10.321428571428571,0.6821428571428572,-2.6035714285714286,4.371428571428571,5.685714285714285,0.6642857142857144,0.6892857142857143,0.275,1018.0500000000001,1020.967857142857,1014.8464285714286
2018-03,163.83870967741936,36.193548387096776,871.7096774193549,76.6774193548387,91.29032258064517,57.67741935483871,3.7483870967741937,4.270967741935484,6.32258064516129,2.3870967741935485,11.806451612903226,4.738709677419355,0.7516129032258063,8.719354838709679,4.267741935483872,2.1193548387096777,1.9,0.7193548387096774,1004.1645161290322,1007.7774193548387,1000.9000000000001
2018-04,185.06666666666666,41.96666666666667,1332.3333333333333,75.63333333333334,94.93333333333334,54.6,2.7066666666666666,3.296666666666667,5.333333333333333,1.2666666666666666,10.433333333333334,12.153333333333334,6.510000000000001,17.206666666666667,5.840000000000001,1.46,2.6366666666666663,1.0333333333333334,1011.3866666666667,1014.6,1007.74
2018-05,155.93548387096774,58.54838709677419,2098.6774193548385,69.0,93.93548387096774,45.41935483870968,2.4645161290322584,2.916129032258065,4.838709677419355,1.2258064516129032,9.709677419354838,16.425806451612903,9.703225806451613,22.361290322580647,9.12258064516129,0.8193548387096774,1.2096774193548387,0.6225806451612902,1016.9451612903225,1019.0999999999999,1014.5322580645161
2018-06,173.73333333333332,41.03333333333333,1863.6,74.83333333333333,94.33333333333333,54.9,2.8666666666666667,3.143333333333333,4.733333333333333,1.3333333333333333,9.166666666666666,17.496666666666666,12.766666666666667,22.066666666666666,6.83,0.25,0.36000000000000004,0.2233333333333333,1018.4866666666666,1019.9300000000001,1016.85
2018-07,224.29032258064515,67.70967741935483,2354.935483870968,63.225806451612904,90.51612903225806,39.61290322580645,2.393548387096774,2.864516129032258,4.935483870967742,1.1290322580645162,9.548387096774194,20.700000000000003,13.254838709677419,26.77741935483871,10.98709677419355,0.06774193548387096,0.14838709677419357,0.06451612903225806,1016.7677419354839,1018.4741935483871,1015.1451612903226
2018-08,230.2258064516129,44.74193548387097,1558.6451612903227,74.87096774193549,96.16129032258064,51.516129032258064,2.193548387096774,2.729032258064516,4.774193548387097,0.8709677419354839,9.903225806451612,18.506451612903227,12.458064516129031,23.60967741935484,6.638709677419355,1.0903225806451613,2.232258064516129,1.0612903225806452,1016.5838709677419,1019.0419354838709,1013.8483870967742
2018-09,229.4,50.93333333333333,1190.6,78.33333333333333,95.4,55.766666666666666,2.4233333333333333,2.7933333333333334,4.766666666666667,1.1333333333333333,9.733333333333333,14.746666666666668,9.226666666666667,19.983333333333334,6.3933333333333335,0.9466666666666667,1.3666666666666667,0.63,1020.58,1023.2666666666667,1017.7566666666667
2018-10,195.1290322580645,53.54838709677419,777.7096774193549,80.83870967741936,95.2258064516129,59.41935483870968,2.4645161290322584,2.9096774193548387,4.838709677419355,1.3870967741935485,9.483870967741936,11.941935483870967,7.116129032258065,16.980645161290322,5.793548387096774,0.9032258064516129,1.1612903225806452,0.3806451612903226,1017.3903225806451,1020.6903225806452,1014.0645161290323
2018-11,130.6,31.433333333333334,327.6666666666667,85.8,94.93333333333334,73.63333333333334,3.4,3.5633333333333335,4.933333333333334,2.2666666666666666,9.133333333333333,6.8100000000000005,3.9,9.926666666666668,2.85,1.5,1.1566666666666667,0.36333333333333334,1015.9833333333333,1018.9466666666667,1012.9
2018-12,208.5483870967742,16.451612903225808,157.90322580645162,88.38709677419355,96.19354838709677,76.90322580645162,3.4193548387096775,3.735483870967742,5.290322580645161,2.129032258064516,10.806451612903226,6.138709677419355,3.5387096774193547,8.30967741935484,1.2903225806451613,3.487096774193548,3.2451612903225806,0.8774193548387097,1017.6258064516129,1021.3516129032258,1013.2870967741936
2019-01,233.06451612903226,21.838709677419356,227.93548387096774,86.03225806451613,95.06451612903226,72.96774193548387,3.07741935483871,3.512903225806452,5.096774193548387,1.8709677419354838,10.290322580645162,3.5064516129032257,0.9935483870967742,5.851612903225806,1.832258064516129,2.4645161290322584,2.032258064516129,0.6612903225806451,1015.3387096774194,1019.2903225806451,1011.183870967742
2019-02,195.10714285714286,48.357142857142854,613.3571428571429,82.17857142857143,96.10714285714286,64.67857142857143,3.064285714285714,3.4071428571428575,4.964285714285714,1.8928571428571428,9.25,6.0928571428571425,1.7607142857142857,10.835714285714285,4.885714285714286,2.532142857142857,2.4071428571428575,0.4714285714285714,1021.1392857142856,1024.8285714285714,1017.3642857142858
2019-03,239.16129032258064,30.451612903225808,775.6774193548387,78.87096774193549,95.0,61.193548387096776,3.8483870967741933,4.383870967741935,6.451612903225806,2.225806451612903,13.35483870967742,8.038709677419355,3.948387096774194,11.783870967741937,3.661290322580645,2.5903225806451613,3.3548387096774195,1.0870967741935484,1015.5967741935484,1020.1967741935483,1010.5709677419355
2019-04,94.73333333333333,59.46666666666667,1670.6,65.56666666666666,88.26666666666667,44.0,3.296666666666667,3.63,5.566666666666666,1.8,10.566666666666666,10.92,5.036666666666666,16.356666666666666,8.233333333333333,0.5233333333333333,1.2,0.6433333333333333,1015.27,1018.1166666666667,1012.8266666666666
2019-05,221.5483870967742,46.38709677419355,1841.483870967742,73.29032258064517,95.51612903225806,51.064516129032256,2.7096774193548385,3.0387096774193547,5.0,1.0,9.806451612903226,11.719354838709679,6.096774193548387,16.46451612903226,7.274193548387097,0.7451612903225807,1.2935483870967743,0.635483870967742,1016.2032258064515,1019.2838709677419,1013.2774193548387
2019-06,178.23333333333332,51.53333333333333,2115.633333333333,71.6,93.7,50.266666666666666,2.3833333333333333,3.1733333333333333,5.1,1.2,10.433333333333334,18.13,12.066666666666666,23.33,8.606666666666666,0.8,4.036666666666666,2.5433333333333334,1015.5033333333333,1018.38,1012.2933333333333
2019-07,236.25806451612902,47.87096774193548,1949.516129032258,70.96774193548387,93.83870967741936,50.12903225806452,1.961290322580645,2.616129032258064,4.258064516129032,1.064516129032258,8.516129032258064,18.79032258064516,12.993548387096775,23.9,7.751612903225807,0.5612903225806452,1.696774193548387,0.7967741935483871,1015.8774193548387,1017.8935483870968,1013.7548387096774
2019-08,198.7741935483871,52.193548387096776,1647.5483870967741,74.58064516129032,94.25806451612904,51.12903225806452,2.4322580645161294,2.929032258064516,4.709677419354839,1.1290322580645162,9.612903225806452,18.429032258064513,12.651612903225805,23.787096774193547,7.580645161290323,0.9903225806451613,2.238709677419355,0.9516129032258065,1015.0419354838709,1017.2709677419356,1012.6967741935483
2019-09,213.66666666666666,41.13333333333333,1058.2,79.33333333333333,95.46666666666667,58.333333333333336,2.64,2.996666666666667,4.733333333333333,1.4,9.7,14.530000000000001,9.483333333333333,19.12,5.246666666666667,1.9933333333333332,3.2866666666666666,1.26,1017.6866666666666,1020.4300000000001,1014.8033333333333
2019-10,180.8709677419355,30.774193548387096,554.0322580645161,85.51612903225806,95.7741935483871,70.2258064516129,2.8225806451612905,3.383870967741936,5.193548387096774,1.8709677419354838,10.548387096774194,11.558064516129033,8.319354838709677,15.041935483870969,3.2193548387096773,2.5,3.3870967741935485,1.2580645161290323,1012.2032258064515,1015.2096774193549,1008.8580645161289
2019-11,170.26666666666668,29.0,314.8333333333333,88.16666666666667,96.13333333333334,74.83333333333333,2.7333333333333334,3.086666666666667,4.5,1.6,9.233333333333333,6.366666666666666,3.3266666666666667,9.51,2.5533333333333332,2.5266666666666664,3.3666666666666667,1.0866666666666667,1002.9266666666666,1006.6033333333332,999.3666666666667
2019-12,186.90322580645162,33.225806451612904,216.06451612903226,85.80645161290323,94.51612903225806,75.51612903225806,3.364516129032258,3.838709677419355,5.645161290322581,2.2903225806451615,11.193548387096774,5.841935483870968,3.074193548387097,8.329032258064515,2.6129032258064515,2.532258064516129,2.329032258064516,0.7290322580645162,1010.4903225806452,1015.5935483870968,1004.7483870967742
2020-01,210.51612903225808,15.451612903225806,192.5483870967742,87.90322580645162,95.64516129032258,78.35483870967742,3.729032258064516,4.035483870967742,5.67741935483871,2.3225806451612905,11.225806451612904,6.209677419354839,3.519354838709677,8.370967741935484,1.2935483870967743,2.1451612903225805,1.6451612903225807,0.529032258064516,1020.5935483870968,1025.074193548387,1016.0419354838709
2020-02,228.9655172413793,23.79310344827586,394.2758620689655,78.37931034482759,90.86206896551724,65.6896551724138,5.151724137931034,5.589655172413793,7.827586206896552,3.1724137931034484,16.03448275862069,7.203448275862069,4.155172413793103,9.917241379310346,2.3379310344827586,3.2517241379310344,5.410344827586207,2.2620689655172415,1010.4551724137931,1016.1413793103449,1004.3896551724138
2020-03,163.19354838709677,49.483870967741936,1090.774193548387,70.35483870967742,87.09677419354838,53.806451612903224,4.329032258064516,4.564516129032258,6.612903225806452,2.225806451612903,12.516129032258064,6.819354838709677,2.725806451612903,10.577419354838709,5.983870967741935,1.8935483870967742,2.1580645161290324,0.5612903225806452,1017.0870967741936,1020.3677419354839,1013.8967741935484
2020-04,151.6,67.7,1866.1666666666667,61.833333333333336,87.4,38.2,2.896666666666667,3.3833333333333333,5.266666666666667,1.4666666666666666,10.266666666666667,11.116666666666667,4.22,17.403333333333332,9.383333333333333,0.5333333333333333,0.4066666666666666,0.26999999999999996,1017.8966666666668,1020.3266666666666,1015.4566666666667
2020-05,146.16129032258064,66.61290322580645,2256.516129032258,64.80645161290323,92.61290322580645,41.25806451612903,2.832258064516129,3.203225806451613,5.225806451612903,1.2258064516129032,10.129032258064516,13.109677419354838,5.97741935483871,18.870967741935484,10.46774193548387,0.4258064516129032,0.3709677419354839,0.17419354838709677,1021.4000000000001,1023.6258064516128,1019.3
2020-06,181.73333333333332,45.666666666666664,1967.3,70.93333333333334,92.46666666666667,49.96666666666667,2.6233333333333335,3.1966666666666668,4.9,1.5,10.4,17.483333333333334,12.453333333333335,22.346666666666668,7.616666666666666,1.5333333333333334,2.58,1.3,1012.7533333333333,1014.8866666666667,1010.4566666666667
2020-07,241.06451612903226,41.74193548387097,1730.258064516129,75.12903225806451,96.12903225806451,54.645161290322584,2.564516129032258,3.0032258064516126,4.774193548387097,1.1935483870967742,10.064516129032258,16.98709677419355,11.580645161290322,21.419354838709676,6.729032258064516,1.7580645161290323,1.6354838709677417,0.6322580645161291,1016.2645161290322,1018.8483870967742,1013.574193548387
2020-08,194.3548387096774,48.96774193548387,1655.4516129032259,72.87096774193549,93.93548387096774,50.0,2.3806451612903223,3.0064516129032257,5.193548387096774,1.096774193548387,11.064516129032258,20.370967741935484,14.629032258064516,25.9,7.235483870967743,0.9419354838709678,2.8548387096774195,1.8516129032258066,1012.4516129032259,1014.6387096774193,1009.9612903225806
2020-09,180.53333333333333,52.96666666666667,1182.0333333333333,79.8,96.06666666666666,56.766666666666666,2.356666666666667,2.7066666666666666,4.5,1.1666666666666667,8.733333333333333,15.15,9.793333333333333,20.56,6.723333333333333,1.5433333333333332,2.1766666666666667,0.9333333333333333,1015.8566666666667,1018.05,1013.3166666666667
2020-10,177.51612903225808,21.451612903225808,460.5806451612903,85.41935483870968,95.7741935483871,70.74193548387096,3.425806451612903,3.732258064516129,5.548387096774194,2.064516129032258,11.32258064516129,11.293548387096775,8.141935483870968,14.416129032258064,2.293548387096774,2.6129032258064515,3.467741935483871,1.2548387096774194,1009.3451612903226,1012.0451612903227,1006.3483870967742
2020-11,176.3,30.3,310.8333333333333,86.8,95.66666666666667,74.53333333333333,3.0833333333333335,3.3833333333333333,5.0,1.8666666666666667,9.866666666666667,8.893333333333334,5.3566666666666665,12.113333333333333,2.7199999999999998,1.5533333333333332,1.9400000000000002,0.8233333333333334,1021.01,1024.5666666666666,1017.4699999999999
2020-12,183.32258064516128,17.548387096774192,157.16129032258064,90.70967741935483,96.83870967741936,82.80645161290323,3.229032258064516,3.583870967741935,5.32258064516129,1.8709677419354838,10.064516129032258,5.522580645161291,2.967741935483871,7.745161290322581,1.367741935483871,3.8451612903225807,3.435483870967742,0.9483870967741935,1004.7258064516129,1009.4612903225806,999.9516129032259
2021-01,195.74193548387098,19.93548387096774,228.0,86.61290322580645,95.06451612903226,75.16129032258064,3.1258064516129034,3.5580645161290323,5.290322580645161,2.032258064516129,10.548387096774194,3.3806451612903223,0.635483870967742,5.83225806451613,1.6838709677419357,2.8,2.8225806451612905,0.7451612903225807,1010.2903225806451,1013.7870967741936,1006.4516129032259
2021-02,135.17857142857142,44.785714285714285,597.9285714285714,80.21428571428571,90.92857142857143,66.35714285714286,3.35,3.7214285714285715,5.321428571428571,2.0,9.928571428571429,4.257142857142857,0.75,7.860714285714286,4.539285714285714,2.0357142857142856,1.5178571428571428,0.45,1017.8642857142858,1021.3285714285714,1014.7571428571429
2021-03,216.61290322580646,38.096774193548384,898.0967741935484,77.74193548387096,94.41935483870968,57.354838709677416,3.238709677419355,3.570967741935484,5.806451612903226,1.7096774193548387,11.32258064516129,6.393548387096774,1.7548387096774194,10.609677419354838,4.54516129032258,1.5096774193548386,1.1,0.35806451612903223,1021.0838709677419,1023.983870967742,1017.8354838709678
2021-04,198.66666666666666,48.93333333333333,1504.7666666666667,71.16666666666667,92.16666666666667,50.766666666666666,3.046666666666667,3.4133333333333336,5.433333333333334,1.4333333333333333,10.7,6.653333333333333,1.6066666666666667,11.236666666666668,6.826666666666667,1.5533333333333335,1.4766666666666668,0.5333333333333333,1020.9333333333333,1023.4599999999999,1018.1233333333333
2021-05,209.38709677419354,38.87096774193548,1609.5483870967741,77.0,95.0,55.32258064516129,2.8806451612903223,3.4000000000000004,5.612903225806452,1.3548387096774193,11.774193548387096,11.219354838709679,6.216129032258064,15.583870967741936,6.096774193548387,2.393548387096774,3.358064516129032,1.5806451612903225,1010.8451612903226,1013.941935483871,1007.3580645161289
2021-06,187.93333333333334,48.766666666666666,2060.4,73.6,95.93333333333334,52.733333333333334,1.95,2.6,4.266666666666667,0.9666666666666667,8.466666666666667,18.23,12.016666666666667,23.223333333333336,8.1,1.1900000000000002,1.7433333333333332,0.9833333333333333,1017.7433333333333,1019.6466666666668,1015.8033333333333
2021-07,219.67741935483872,38.67741935483871,1674.2903225806451,79.74193548387096,97.2258064516129,60.03225806451613,2.416129032258065,2.8096774193548386,4.580645161290323,1.032258064516129,9.483870967741936,17.98709677419355,13.158064516129032,22.316129032258065,6.264516129032257,1.135483870967742,3.164516129032258,1.5935483870967744,1014.6870967741935,1016.6580645161291,1012.8
2021-08,225.74193548387098,36.25806451612903,1391.6129032258063,81.41935483870968,96.64516129032258,62.54838709677419,2.6774193548387095,2.958064516129032,4.612903225806452,1.3548387096774193,9.903225806451612,16.93548387096774,12.735483870967743,20.906451612903226,5.325806451612903,1.038709677419355,2.948387096774194,1.632258064516129,1015.9935483870968,1018.0612903225807,1013.8290322580646
2021-09,164.5,46.43333333333333,1165.9,81.3,97.06666666666666,60.2,2.1599999999999997,2.51,4.166666666666667,1.1,7.866666666666666,15.93,10.826666666666666,21.186666666666667,5.9399999999999995,0.36666666666666664,0.9133333333333333,0.38666666666666666,1018.6666666666666,1020.9566666666667,1016.5466666666667
2021-10,200.58064516129033,36.774193548387096,619.7096774193549,85.7741935483871,96.51612903225806,69.2258064516129,3.045161290322581,3.335483870967742,5.258064516129032,1.7419354838709677,10.774193548387096,11.612903225806452,7.541935483870968,15.558064516129033,3.9451612903225803,2.574193548387097,4.65483870967742,1.7000000000000002,1016.0354838709677,1019.8645161290323,1011.9677419354839
2021-11,206.03333333333333,22.033333333333335,276.56666666666666,89.23333333333333,96.76666666666667,77.2,2.3833333333333333,2.7233333333333336,4.233333333333333,1.3666666666666667,8.633333333333333,7.38,4.42,10.056666666666667,1.9466666666666665,2.4699999999999998,2.5433333333333334,0.7766666666666667,1015.3333333333334,1019.07,1011.59
2021-12,177.74193548387098,20.806451612903224,181.03225806451613,90.25806451612904,97.29032258064517,80.41935483870968,3.0677419354838706,3.509677419354839,4.903225806451613,2.0,9.67741935483871,5.393548387096774,2.5483870967741935,7.803225806451613,1.6225806451612903,2.4096774193548387,1.7451612903225806,0.532258064516129,1013.0967741935484,1016.9612903225806,1009.1451612903226
